,epoch,low,high,open,close,volume,date
0,1609480800,28900.0,29490.0,29246.06,29391.06,4519.88916676,2021-01-01 06:00:00
1,1609502400,29016.69,29688.88,29391.05,29161.43,5396.89518126,2021-01-01 12:00:00
2,1609524000,28700.0,29417.95,29161.39,29412.84,4998.09741449,2021-01-01 18:00:00
3,1609545600,29039.0,29683.5,29413.29,29683.03,4488.10882573,2021-01-02 00:00:00
4,1609567200,29550.0,29969.99,29683.02,29829.72,4023.38841645,2021-01-02 06:00:00
5,1609588800,29805.14,33165.0,29829.71,32970.21,18613.27157431,2021-01-02 12:00:00
6,1609610400,30188.0,33300.0,32963.93,32225.91,19550.47770497,2021-01-02 18:00:00
7,1609632000,32008.62,34205.0,32222.88,33779.48,8723.06644441,2021-01-03 00:00:00
8,1609653600,33500.0,34810.0,33774.05,34450.26,8095.36655913,2021-01-03 06:00:00
9,1609675200,32500.0,34618.63,34450.26,32933.74,11020.10280577,2021-01-03 12:00:00
10,1609696800,32270.59,33870.0,32933.75,33080.66,9113.18069697,2021-01-03 18:00:00
11,1609718400,32453.37,33666.99,33082.84,32903.87,7889.84565656,2021-01-04 00:00:00
12,1609740000,27678.0,33517.31,32899.01,30774.11,16819.31704452,2021-01-04 06:00:00
13,1609761600,30500.0,32246.07,30769.75,31022.25,13277.48853723,2021-01-04 12:00:00
14,1609783200,30864.66,32050.0,31006.37,32019.99,8058.73844677,2021-01-04 18:00:00
15,1609804800,30020.0,32890.0,32020.22,30460.19,13000.32012887,2021-01-05 00:00:00
16,1609826400,29891.13,31820.93,30469.0,31820.92,6656.78665468,2021-01-05 06:00:00
17,1609848000,31160.12,32879.92,31820.93,32827.06,9056.36606459,2021-01-05 12:00:00
18,1609869600,32740.82,34499.67,32825.42,34030.64,13569.09635213,2021-01-05 18:00:00
19,1609891200,33352.54,35868.69,34043.91,35130.05,13739.36112036,2021-01-06 00:00:00
20,1609912800,33700.0,35398.0,35119.99,35023.68,7026.72212806,2021-01-06 06:00:00
21,1609934400,34200.0,35200.0,35025.25,35019.23,9087.40884402,2021-01-06 12:00:00
22,1609956000,34341.77,37000.0,35019.23,36859.26,15890.61110771,2021-01-06 18:00:00
23,1609977600,36511.51,37823.0,36859.26,37505.58,11252.1889313,2021-01-07 00:00:00
24,1609999200,36352.98,37971.0,37505.57,37886.66,5277.57272204,2021-01-07 06:00:00
25,1610020800,37604.39,39800.0,37883.24,39776.9,14260.48626946,2021-01-07 12:00:00
26,1610042400,36200.0,40425.0,39781.5,39505.56,19556.05776772,2021-01-07 18:00:00
27,1610064000,36565.08,39750.0,39510.55,38000.87,12861.25565842,2021-01-08 00:00:00
28,1610085600,37572.01,41500.0,38001.76,41329.64,8808.47372335,2021-01-08 06:00:00
29,1610107200,39850.0,41986.37,41318.06,41043.68,13072.43076163,2021-01-08 12:00:00
30,1610128800,38700.0,41178.68,41043.67,40665.15,13780.32475932,2021-01-08 18:00:00
31,1610150400,39200.11,40980.0,40642.15,39352.36,8144.86295133,2021-01-09 00:00:00
32,1610172000,38800.0,41269.69,39346.95,40628.32,6255.12996456,2021-01-09 06:00:00
33,1610193600,40007.0,41406.94,40633.54,40507.38,6307.15854607,2021-01-09 12:00:00
34,1610215200,40100.0,40965.0,40507.38,40257.43,6445.81956685,2021-01-09 18:00:00
35,1610236800,40205.0,41452.12,40257.43,40571.12,6071.4108709,2021-01-10 00:00:00
36,1610258400,38999.0,41186.76,40572.92,39233.94,5720.71889749,2021-01-10 06:00:00
37,1610280000,37211.0,40164.67,39233.38,38653.53,10936.06422998,2021-01-10 12:00:00
38,1610301600,34444.0,39071.13,38653.52,38171.57,21008.37631752,2021-01-10 18:00:00
39,1610323200,33333.34,38273.88,38168.89,34847.17,27003.87044373,2021-01-11 00:00:00
40,1610344800,32265.0,36342.52,34848.67,34114.76,15931.37096207,2021-01-11 06:00:00
41,1610366400,30100.0,35094.31,34113.0,32815.17,36508.52792168,2021-01-11 12:00:00
42,1610388000,31162.13,35682.0,32822.04,35452.59,23059.38740101,2021-01-11 18:00:00
43,1610409600,33686.11,35900.0,35456.89,35900.0,15952.49385798,2021-01-12 00:00:00
44,1610431200,34758.0,36604.51,35900.0,35388.39,8867.87654999,2021-01-12 06:00:00
45,1610452800,32500.0,35681.6,35402.55,34998.61,13566.09917908,2021-01-12 12:00:00
46,1610474400,33300.0,35488.0,34998.61,34038.98,9841.1579333,2021-01-12 18:00:00
47,1610496000,32309.04,34350.0,34035.53,33300.0,12529.65946451,2021-01-13 00:00:00
48,1610517600,33199.88,35233.27,33299.88,34378.66,7867.32533134,2021-01-13 06:00:00
49,1610539200,34010.0,35073.87,34378.37,34806.81,6405.95900662,2021-01-13 12:00:00
50,1610560800,34711.57,37888.0,34806.81,37393.66,12805.793385,2021-01-13 18:00:00
51,1610582400,36751.11,38195.0,37393.67,37546.15,8146.56014195,2021-01-14 00:00:00
52,1610604000,37444.0,38800.0,37550.11,38381.21,5328.00107331,2021-01-14 06:00:00
53,1610625600,37725.1,40127.66,38381.21,39390.71,10576.55968621,2021-01-14 12:00:00
54,1610647200,38132.13,39899.0,39382.59,39125.14,7817.63959218,2021-01-14 18:00:00
55,1610668800,37800.0,39697.0,39123.05,37800.01,5974.10991311,2021-01-15 00:00:00
56,1610690400,37555.0,38740.0,37800.01,38078.28,3944.17781908,2021-01-15 06:00:00
57,1610712000,34298.93,38171.46,38085.93,35959.33,16147.23705206,2021-01-15 12:00:00
58,1610733600,34800.0,36900.0,35951.05,36754.67,10355.5344036,2021-01-15 18:00:00
59,1610755200,35532.2,37678.23,36754.6,35864.79,7299.36079001,2021-01-16 00:00:00
60,1610776800,35852.44,37948.0,35866.33,37690.0,4195.99573399,2021-01-16 06:00:00
61,1610798400,36700.17,37895.0,37690.0,36893.77,4017.2392381,2021-01-16 12:00:00
62,1610820000,35372.59,37189.09,36893.77,36006.94,5348.82968999,2021-01-16 18:00:00
63,1610841600,35500.0,36720.0,36004.8,35564.54,3758.86744803,2021-01-17 00:00:00
64,1610863200,33850.03,35744.81,35561.54,35292.84,7054.12516233,2021-01-17 06:00:00
65,1610884800,34680.6,36176.89,35292.84,35826.18,4111.82834781,2021-01-17 12:00:00
66,1610906400,35525.0,36860.0,35826.02,35820.0,4257.22838846,2021-01-17 18:00:00
67,1610928000,34736.46,36200.0,35820.01,35334.39,4630.00163443,2021-01-18 00:00:00
68,1610949600,35066.64,36656.64,35334.38,36427.81,3257.93319489,2021-01-18 06:00:00
69,1610971200,35425.0,37402.0,36427.81,35702.46,5320.68091853,2021-01-18 12:00:00
70,1610992800,35569.0,36781.86,35700.13,36624.23,3401.02533629,2021-01-18 18:00:00
71,1611014400,36200.0,37329.56,36624.23,36297.36,5311.14525179,2021-01-19 00:00:00
72,1611036000,36235.19,37550.0,36296.98,37313.14,3207.64770863,2021-01-19 06:00:00
73,1611057600,36651.25,37857.0,37320.27,37181.0,4951.17112689,2021-01-19 12:00:00
74,1611079200,35895.11,37187.69,37181.0,35917.28,5434.81501873,2021-01-19 18:00:00
75,1611100800,34780.0,36415.34,35921.91,35504.84,6551.42057883,2021-01-20 00:00:00
76,1611122400,34000.0,35951.71,35504.84,34423.86,5130.476909,2021-01-20 06:00:00
77,1611144000,33387.01,35182.94,34419.13,34855.43,8798.69889232,2021-01-20 12:00:00
78,1611165600,34489.99,35679.45,34861.78,35503.09,4965.11162759,2021-01-20 18:00:00
79,1611187200,33932.82,35628.24,35498.85,34563.12,4587.04429303,2021-01-21 00:00:00
80,1611208800,32000.0,34998.11,34561.13,32173.23,8693.14880868,2021-01-21 06:00:00
81,1611230400,30800.0,32790.0,32173.23,31882.88,19927.53368972,2021-01-21 12:00:00
82,1611252000,30011.0,32749.0,31890.76,30855.95,17265.38695928,2021-01-21 18:00:00
83,1611273600,28732.0,31924.35,30855.9,31832.31,23817.04600325,2021-01-22 00:00:00
84,1611295200,30450.26,32059.0,31831.6,31743.99,6918.37578871,2021-01-22 06:00:00
85,1611316800,31355.01,32800.0,31752.3,32374.19,8563.01178862,2021-01-22 12:00:00
86,1611338400,32226.24,33867.0,32371.13,32984.93,8857.2880365,2021-01-22 18:00:00
87,1611360000,32074.01,33400.0,32982.66,33377.67,4819.81551649,2021-01-23 00:00:00
88,1611381600,31564.49,33488.79,33383.91,31683.06,3395.08745709,2021-01-23 06:00:00
89,1611403200,31432.19,32443.72,31680.87,32276.13,4186.40988422,2021-01-23 12:00:00
90,1611424800,31656.67,32537.25,32282.97,32112.01,3738.50192504,2021-01-23 18:00:00
91,1611446400,31676.38,32994.13,32110.0,32865.87,3362.87228129,2021-01-24 00:00:00
92,1611468000,32500.0,33086.53,32865.87,32860.11,1491.3163875,2021-01-24 06:00:00
93,1611489600,31552.0,32964.07,32860.78,31895.32,3925.27620323,2021-01-24 12:00:00
94,1611511200,30931.21,32394.02,31890.26,32288.56,4839.33610607,2021-01-24 18:00:00
95,1611532800,32210.17,33793.43,32293.18,33356.55,6175.00230548,2021-01-25 00:00:00
96,1611554400,32789.0,33566.87,33359.1,33188.21,1908.73419999,2021-01-25 06:00:00
97,1611576000,33063.13,34888.0,33188.21,33759.78,7973.24519097,2021-01-25 12:00:00
98,1611597600,31920.8,34008.36,33760.63,32261.87,6988.68123745,2021-01-25 18:00:00
99,1611619200,31435.34,32845.16,32260.52,32090.1,6508.34299163,2021-01-26 00:00:00
100,1611640800,31116.3,32479.62,32090.65,31825.45,3616.9569363,2021-01-26 06:00:00
101,1611662400,30830.0,32267.89,31825.45,32227.31,6930.34663902,2021-01-26 12:00:00
102,1611684000,31892.46,32960.37,32229.61,32510.82,6480.19234993,2021-01-26 18:00:00
103,1611705600,31420.69,32584.62,32510.82,31551.72,5034.87716231,2021-01-27 00:00:00
104,1611727200,30600.0,31936.16,31556.28,30677.49,6028.36541685,2021-01-27 06:00:00
105,1611748800,29156.0,31079.13,30689.04,30558.88,18258.0343917,2021-01-27 12:00:00
106,1611770400,29513.72,31880.0,30558.89,30407.13,16885.80840269,2021-01-27 18:00:00
107,1611792000,29902.14,31879.19,30414.11,31792.39,11639.88291314,2021-01-28 00:00:00
108,1611813600,30853.39,31935.25,31793.19,31469.94,3173.64625509,2021-01-28 06:00:00
109,1611835200,31174.56,32500.0,31474.04,32349.35,8541.76016346,2021-01-28 12:00:00
110,1611856800,32164.73,34000.0,32354.93,33488.99,12651.77336319,2021-01-28 18:00:00
111,1611878400,32729.0,34433.04,33487.92,33052.81,17305.42128156,2021-01-29 00:00:00
112,1611900000,31990.0,38077.81,33050.01,37108.69,23383.12194685,2021-01-29 06:00:00
113,1611921600,35520.0,38570.13,37106.18,35722.38,17693.09441226,2021-01-29 12:00:00
114,1611943200,33500.66,36015.06,35721.64,34262.11,14259.44210884,2021-01-29 18:00:00
115,1611964800,32852.86,34900.0,34262.11,33513.67,7913.88004901,2021-01-30 00:00:00
116,1611986400,33147.81,34450.0,33513.67,33674.25,5386.14989631,2021-01-30 06:00:00
117,1612008000,33464.74,34539.45,33680.46,34259.74,4950.89435869,2021-01-30 12:00:00
118,1612029600,33994.62,34814.59,34257.85,34315.63,3111.22743353,2021-01-30 18:00:00
119,1612051200,33675.0,34387.75,34315.63,33774.42,3449.9953703,2021-01-31 00:00:00
120,1612072800,33230.78,33874.94,33774.42,33586.29,2721.50228351,2021-01-31 06:00:00
121,1612094400,32215.0,34232.4,33586.29,32319.48,5778.00685319,2021-01-31 12:00:00
122,1612116000,32200.0,33281.97,32319.48,33137.74,4486.89306893,2021-01-31 18:00:00
123,1612137600,32333.0,33958.34,33137.75,33800.0,5469.1492421,2021-02-01 00:00:00
124,1612159200,33163.26,34728.57,33800.01,34191.46,6201.70773766,2021-02-01 06:00:00
125,1612180800,33125.24,34465.52,34191.45,33998.21,6314.56765905,2021-02-01 12:00:00
126,1612202400,33453.34,34047.62,33998.22,33533.19,3989.98914391,2021-02-01 18:00:00
127,1612224000,33450.0,34161.18,33534.39,34022.03,4042.85342528,2021-02-02 00:00:00
128,1612245600,33961.99,35649.22,34026.99,34710.0,5173.1798039,2021-02-02 06:00:00
129,1612267200,34403.73,35237.51,34710.0,34874.62,5440.8816665,2021-02-02 12:00:00
130,1612288800,34825.56,36000.0,34876.88,35512.67,5338.9241877,2021-02-02 18:00:00
131,1612310400,35393.8,36888.0,35513.0,36524.72,6063.47841959,2021-02-03 00:00:00
132,1612332000,35575.0,36864.16,36519.22,35992.0,3098.96928275,2021-02-03 06:00:00
133,1612353600,35857.36,37263.72,35992.0,37233.46,7445.90353588,2021-02-03 12:00:00
134,1612375200,36710.0,37723.72,37233.46,37678.37,7173.61821359,2021-02-03 18:00:00
135,1612396800,37384.69,38360.88,37688.42,37632.75,8735.59012622,2021-02-04 00:00:00
136,1612418400,36815.98,38769.0,37632.75,37370.15,7640.95156844,2021-02-04 06:00:00
137,1612440000,36156.45,37787.53,37370.15,36934.65,9279.37472116,2021-02-04 12:00:00
138,1612461600,36819.43,37842.0,36934.65,36975.0,6043.44650734,2021-02-04 18:00:00
139,1612483200,36605.87,37532.17,36976.59,37093.54,4322.02449942,2021-02-05 00:00:00
140,1612504800,37053.65,37823.0,37093.53,37717.69,3192.03762896,2021-02-05 06:00:00
141,1612526400,37581.31,38349.0,37719.99,37922.34,6386.2012309,2021-02-05 12:00:00
142,1612548000,37275.0,38336.31,37922.34,38311.49,3942.43837247,2021-02-05 18:00:00
143,1612569600,38250.0,39682.01,38327.09,39056.37,9583.0829082,2021-02-06 00:00:00
144,1612591200,39039.44,40500.0,39057.05,40239.72,4674.20156368,2021-02-06 06:00:00
145,1612612800,39950.0,41000.0,40239.78,40259.21,7047.64979154,2021-02-06 12:00:00
146,1612634400,39099.0,40508.33,40256.51,39265.43,5797.87176599,2021-02-06 18:00:00
147,1612656000,38000.0,39669.66,39266.1,38549.99,6164.11101086,2021-02-07 00:00:00
148,1612677600,38317.02,39737.83,38547.96,39099.29,3532.20804296,2021-02-07 06:00:00
149,1612699200,37371.35,39315.72,39088.24,37913.56,6470.19473948,2021-02-07 12:00:00
150,1612720800,37760.48,39150.0,37913.57,38871.42,4131.35876772,2021-02-07 18:00:00
151,1612742400,38057.01,39190.56,38871.43,38701.98,3545.77134528,2021-02-08 00:00:00
152,1612764000,38642.9,39540.0,38703.08,39462.54,2294.47704357,2021-02-08 06:00:00
153,1612785600,39155.02,44900.0,39475.0,43145.49,27473.64555827,2021-02-08 12:00:00
154,1612807200,42573.57,46750.0,43148.66,46448.1,14620.11644118,2021-02-08 18:00:00
155,1612828800,45567.0,47550.0,46453.66,46949.46,12887.78074232,2021-02-09 00:00:00
156,1612850400,45606.34,48200.0,46949.44,46445.69,7583.87494091,2021-02-09 06:00:00
157,1612872000,45020.0,47150.0,46453.41,46562.0,8743.75929171,2021-02-09 12:00:00
158,1612893600,46289.0,47558.18,46559.42,46514.73,7203.37867622,2021-02-09 18:00:00
159,1612915200,45666.0,46966.9,46514.73,46181.15,6096.98783704,2021-02-10 00:00:00
160,1612936800,46168.92,47349.99,46180.31,46662.46,3365.98910448,2021-02-10 06:00:00
161,1612958400,43706.86,46659.75,46659.64,45050.0,11251.5032324,2021-02-10 12:00:00
162,1612980000,44380.0,45326.4,45050.01,44850.0,5103.53140465,2021-02-10 18:00:00
163,1613001600,44011.0,45701.91,44850.0,44681.17,5715.33071094,2021-02-11 00:00:00
164,1613023200,44460.89,46500.0,44693.32,46061.02,2687.17231411,2021-02-11 06:00:00
165,1613044800,46078.17,48373.0,46078.18,47412.89,9785.35017846,2021-02-11 12:00:00
166,1613066400,46608.05,48690.0,47412.89,47997.91,8034.75157201,2021-02-11 18:00:00
167,1613088000,46950.0,48912.0,47993.6,47300.88,7432.12162736,2021-02-12 00:00:00
168,1613109600,46845.28,48040.79,47295.72,47656.36,3094.8330184,2021-02-12 06:00:00
169,1613131200,46300.0,48200.0,47656.36,47795.19,7344.3678289,2021-02-12 12:00:00
170,1613152800,47000.0,48200.0,47795.19,47408.34,5631.83336063,2021-02-12 18:00:00
171,1613174400,47327.58,48199.0,47408.34,47975.72,3360.31625145,2021-02-13 00:00:00
172,1613196000,46327.0,48000.0,47975.72,46615.64,3212.05180335,2021-02-13 06:00:00
173,1613217600,46300.0,47400.0,46630.8,46900.29,2954.02076768,2021-02-13 12:00:00
174,1613239200,46735.0,47425.0,46902.88,47232.45,2494.48851002,2021-02-13 18:00:00
175,1613260800,47100.13,48912.0,47240.75,48912.0,4117.06997059,2021-02-14 00:00:00
176,1613282400,48387.6,49377.59,48912.0,49089.6,3423.65621876,2021-02-14 06:00:00
177,1613304000,48160.0,49700.0,49089.6,48681.92,4543.69677155,2021-02-14 12:00:00
178,1613325600,48480.01,49325.37,48680.61,48680.69,3062.12948001,2021-02-14 18:00:00
179,1613347200,45768.46,49093.44,48667.23,46785.73,10170.45182938,2021-02-15 00:00:00
180,1613368800,46743.3,48030.94,46777.24,47836.51,2560.43493845,2021-02-15 06:00:00
181,1613390400,47440.34,48800.0,47836.51,48575.0,3671.60551583,2021-02-15 12:00:00
182,1613412000,47650.0,48798.11,48575.0,47936.37,3029.66049745,2021-02-15 18:00:00
183,1613433600,47051.22,49900.0,47935.66,49163.27,6487.62518374,2021-02-16 00:00:00
184,1613455200,48565.0,49341.0,49168.55,48906.4,2096.32434613,2021-02-16 06:00:00
185,1613476800,48100.0,50645.0,48918.12,48278.03,9149.12870751,2021-02-16 12:00:00
186,1613498400,47818.73,49285.0,48269.27,49158.71,5320.12737397,2021-02-16 18:00:00
187,1613520000,48942.87,50209.0,49141.43,49737.0,5057.15728985,2021-02-17 00:00:00
188,1613541600,49658.66,51717.88,49745.83,51277.14,7096.01570168,2021-02-17 06:00:00
189,1613563200,50500.0,51646.49,51270.0,51392.61,6575.60614157,2021-02-17 12:00:00
190,1613584800,51325.94,52640.35,51390.87,52170.01,6946.3923079,2021-02-17 18:00:00
191,1613606400,51731.13,52549.99,52170.01,52210.36,3774.24302473,2021-02-18 00:00:00
192,1613628000,51077.4,52260.0,52210.35,51329.2,2908.77905544,2021-02-18 06:00:00
193,1613649600,50875.0,52289.61,51329.21,51827.84,4790.80068873,2021-02-18 12:00:00
194,1613671200,51537.25,52200.0,51830.97,51601.73,4215.57998283,2021-02-18 18:00:00
195,1613692800,50725.0,51949.0,51596.0,51491.52,4430.24246133,2021-02-19 00:00:00
196,1613714400,51480.36,52899.46,51480.36,52676.03,3039.9596644,2021-02-19 06:00:00
197,1613736000,52305.55,54888.0,52680.91,54799.99,8573.33396449,2021-02-19 12:00:00
198,1613757600,54601.05,56370.05,54800.0,55983.56,11917.94588082,2021-02-19 18:00:00
199,1613779200,55398.63,56596.0,55983.57,55714.44,5429.71913052,2021-02-20 00:00:00
200,1613800800,55034.06,56356.0,55714.45,56356.0,2475.4124582,2021-02-20 06:00:00
201,1613822400,55850.0,57563.57,56356.0,57113.49,7459.34821606,2021-02-20 12:00:00
202,1613844000,54000.1,57298.98,57113.49,55923.52,6773.34214016,2021-02-20 18:00:00
203,1613865600,55531.23,56979.62,55921.44,56590.01,2757.04318152,2021-02-21 00:00:00
204,1613887200,55869.99,57800.0,56590.01,57306.84,2574.63415517,2021-02-21 06:00:00
205,1613908800,56639.93,57783.0,57306.84,57538.18,3092.42746517,2021-02-21 12:00:00
206,1613930400,57019.56,58367.0,57531.71,57489.16,5106.32964257,2021-02-21 18:00:00
207,1613952000,55150.0,57577.69,57489.16,55899.97,6999.04851053,2021-02-22 00:00:00
208,1613973600,53525.0,56629.37,55898.63,54483.4,5799.07748281,2021-02-22 06:00:00
209,1613995200,46616.0,54608.06,54482.84,52052.02,25708.13081068,2021-02-22 12:00:00
210,1614016800,51559.55,55043.63,52051.78,54142.13,10942.90895377,2021-02-22 18:00:00
211,1614038400,48543.67,54206.22,54125.67,49975.25,14903.14495233,2021-02-23 00:00:00
212,1614060000,44888.08,51301.6,49973.01,46339.69,20315.11319096,2021-02-23 06:00:00
213,1614081600,45735.04,49705.0,46327.55,47149.82,23917.30891725,2021-02-23 12:00:00
214,1614103200,45200.0,48934.86,47146.93,48899.99,13165.01866746,2021-02-23 18:00:00
215,1614124800,47002.0,51398.0,48899.99,50225.89,10617.42924597,2021-02-24 00:00:00
216,1614146400,49436.23,51415.41,50234.41,50380.0,4040.49810802,2021-02-24 06:00:00
217,1614168000,48500.0,51332.84,50379.99,50096.69,9177.21047449,2021-02-24 12:00:00
218,1614189600,48078.62,50103.57,50096.69,49737.82,6897.01166651,2021-02-24 18:00:00
219,1614211200,49571.07,50888.0,49737.81,50435.33,5576.71134937,2021-02-25 00:00:00
220,1614232800,48667.01,50628.66,50435.34,50348.09,4043.15450078,2021-02-25 06:00:00
221,1614254400,49306.21,52107.83,50348.1,49500.53,8046.41087289,2021-02-25 12:00:00
222,1614276000,46700.0,50067.94,49500.53,47058.48,10344.92742353,2021-02-25 18:00:00
223,1614297600,45510.0,47822.93,47063.9,45527.11,11173.7744951,2021-02-26 00:00:00
224,1614319200,44150.0,46896.67,45525.01,46435.92,7175.22113556,2021-02-26 06:00:00
225,1614340800,45836.9,48464.64,46444.44,47681.34,9933.55303587,2021-02-26 12:00:00
226,1614362400,45088.0,47894.35,47681.34,46326.2,7766.06952617,2021-02-26 18:00:00
227,1614384000,46176.19,47999.99,46319.79,47780.23,4134.2611349,2021-02-27 00:00:00
228,1614405600,46224.0,48356.86,47790.7,47295.07,2803.06365964,2021-02-27 06:00:00
229,1614427200,46313.55,47821.55,47305.76,47097.82,3375.08183366,2021-02-27 12:00:00
230,1614448800,45055.0,47592.99,47097.82,46180.75,5977.87408908,2021-02-27 18:00:00
231,1614470400,44250.0,46656.0,46169.92,44804.85,5980.21960295,2021-02-28 00:00:00
232,1614492000,43810.19,45536.03,44814.48,45289.36,3894.88148513,2021-02-28 06:00:00
233,1614513600,43016.0,45500.0,45289.36,43170.01,6931.64918409,2021-02-28 12:00:00
234,1614535200,43101.0,45998.0,43170.01,45231.75,5938.85572962,2021-02-28 18:00:00
235,1614556800,45042.13,46894.83,45231.74,46235.41,5300.98860287,2021-03-01 00:00:00
236,1614578400,45680.0,47964.53,46238.49,47826.89,4113.73818911,2021-03-01 06:00:00
237,1614600000,47526.68,49589.0,47826.52,48614.13,9999.1940941,2021-03-01 12:00:00
238,1614621600,48012.9,49829.0,48612.77,49639.4,5654.32955108,2021-03-01 18:00:00
239,1614643200,48400.0,50250.0,49635.3,48706.46,5484.33962084,2021-03-02 00:00:00
240,1614664800,48342.43,49298.86,48706.45,48895.54,2126.03968635,2021-03-02 06:00:00
241,1614686400,47201.35,49750.0,48899.25,47891.95,5559.01111499,2021-03-02 12:00:00
242,1614708000,47075.11,48541.7,47891.95,48511.6,3894.17259786,2021-03-02 18:00:00
243,1614729600,48161.75,49470.34,48502.18,49105.22,3317.00598966,2021-03-03 00:00:00
244,1614751200,49110.72,51820.64,49110.72,51689.18,6022.45843929,2021-03-03 06:00:00
245,1614772800,50510.03,52666.0,51689.18,51373.98,7869.78227805,2021-03-03 12:00:00
246,1614794400,50300.0,51650.0,51359.89,50360.0,4092.23053233,2021-03-03 18:00:00
247,1614816000,48999.95,51798.33,50370.33,49705.22,5923.72843929,2021-03-04 00:00:00
248,1614837600,48562.15,50744.41,49705.22,49355.07,4029.02562392,2021-03-04 06:00:00
249,1614859200,48258.88,50600.0,49355.07,48462.9,6924.29661863,2021-03-04 12:00:00
250,1614880800,47502.0,48689.77,48462.9,48368.52,6509.92889393,2021-03-04 18:00:00
251,1614902400,46219.32,48380.36,48370.97,47144.67,7953.51041616,2021-03-05 00:00:00
252,1614924000,46416.22,47550.0,47144.5,47499.37,3347.52733728,2021-03-05 06:00:00
253,1614945600,46874.97,48823.78,47494.02,48090.77,8523.98090373,2021-03-05 12:00:00
254,1614967200,47944.32,49473.99,48090.77,48769.47,5643.16163859,2021-03-05 18:00:00
255,1614988800,48084.04,49174.91,48766.01,48481.65,2919.80814632,2021-03-06 00:00:00
256,1615010400,47916.01,49150.0,48488.9,48142.41,2149.37585708,2021-03-06 06:00:00
257,1615032000,47077.0,48479.7,48136.64,48280.91,3763.2361256,2021-03-06 12:00:00
258,1615053600,48151.21,49210.0,48274.84,48909.84,3045.41743009,2021-03-06 18:00:00
259,1615075200,48909.83,49910.95,48909.84,49366.61,3410.8565992,2021-03-07 00:00:00
260,1615096800,49167.06,51200.0,49366.61,50707.63,2675.8741248,2021-03-07 06:00:00
261,1615118400,50168.37,51342.08,50707.63,51050.0,4005.45048482,2021-03-07 12:00:00
262,1615140000,49712.1,51459.0,51050.0,50978.61,3872.97352232,2021-03-07 18:00:00
263,1615161600,50133.91,51846.5,50976.22,50815.72,4979.7468094,2021-03-08 00:00:00
264,1615183200,49328.62,50980.22,50815.72,50508.8,3940.03593208,2021-03-08 06:00:00
265,1615204800,50147.05,51275.0,50517.52,50815.03,4759.02143884,2021-03-08 12:00:00
266,1615226400,50725.0,52425.0,50822.1,52415.23,5177.48266407,2021-03-08 18:00:00
267,1615248000,51845.01,54444.0,52413.17,54288.08,7922.79138059,2021-03-09 00:00:00
268,1615269600,53265.13,54489.0,54281.69,54260.69,3825.61931802,2021-03-09 06:00:00
269,1615291200,53553.66,54819.91,54261.24,53805.75,5497.04838833,2021-03-09 12:00:00
270,1615312800,53653.46,54936.0,53814.19,54916.38,3931.69045289,2021-03-09 18:00:00
271,1615334400,53025.0,55861.0,54921.61,53674.27,9056.22262362,2021-03-10 00:00:00
272,1615356000,53544.62,55415.83,53674.27,54850.33,3155.00931146,2021-03-10 06:00:00
273,1615377600,54780.0,57184.8,54857.42,56897.04,9168.01935798,2021-03-10 12:00:00
274,1615399200,55510.0,57402.14,56897.03,55890.69,6946.82641635,2021-03-10 18:00:00
275,1615420800,55088.47,56500.0,55888.7,55229.96,4817.64935332,2021-03-11 00:00:00
276,1615442400,54283.0,56279.22,55226.8,56260.76,4376.5220169,2021-03-11 06:00:00
277,1615464000,55763.46,57188.0,56257.74,56851.61,7767.62028951,2021-03-11 12:00:00
278,1615485600,56552.85,58113.0,56838.91,57815.47,7407.42050816,2021-03-11 18:00:00
279,1615507200,56357.58,58065.92,57820.15,57160.98,5410.14005756,2021-03-12 00:00:00
280,1615528800,55835.0,57391.98,57156.0,56481.61,4123.84853503,2021-03-12 06:00:00
281,1615550400,55050.0,57738.62,56478.16,57151.33,7811.46467913,2021-03-12 12:00:00
282,1615572000,56300.0,57675.6,57147.24,57225.91,4415.08496931,2021-03-12 18:00:00
283,1615593600,56083.74,57290.68,57220.84,56731.11,2693.60038124,2021-03-13 00:00:00
284,1615615200,56493.71,60000.0,56731.12,59804.29,6591.57789449,2021-03-13 06:00:00
285,1615636800,59211.0,60415.34,59811.63,60334.74,6676.8971009,2021-03-13 12:00:00
286,1615658400,60000.0,61788.45,60334.73,61178.5,6339.21051238,2021-03-13 18:00:00
287,1615680000,60734.1,61680.0,61181.38,60993.58,3297.35429723,2021-03-14 00:00:00
288,1615701600,59401.0,61091.3,60993.58,60329.61,3178.4248064,2021-03-14 06:00:00
289,1615723200,59291.23,60598.99,60336.8,59722.45,3051.82832557,2021-03-14 12:00:00
290,1615744800,58950.0,60746.27,59722.45,58972.7,4054.36016138,2021-03-14 18:00:00
291,1615766400,58740.0,60601.07,58972.71,59014.32,5165.10197186,2021-03-15 00:00:00
292,1615788000,54568.0,59353.98,59031.8,56184.21,11684.34188494,2021-03-15 06:00:00
293,1615809600,55023.01,57325.0,56182.54,56059.76,9578.85277131,2021-03-15 12:00:00
294,1615831200,55591.51,56947.97,56059.76,55636.15,5223.0952132,2021-03-15 18:00:00
295,1615852800,53221.0,56074.48,55629.08,54019.99,10236.39307741,2021-03-16 00:00:00
296,1615874400,53582.94,56444.0,54020.0,55416.32,4748.75610157,2021-03-16 06:00:00
297,1615896000,54576.0,56091.42,55424.74,55240.71,5406.45375752,2021-03-16 12:00:00
298,1615917600,55100.47,56970.0,55237.83,56927.11,4040.77585072,2021-03-16 18:00:00
299,1615939200,55210.91,57179.0,56924.26,55993.08,3388.05561153,2021-03-17 00:00:00
300,1615960800,54446.07,56350.88,55986.15,54836.4,3585.7122566,2021-03-17 06:00:00
301,1615982400,54138.01,55658.04,54839.16,55573.63,6456.18191252,2021-03-17 12:00:00
302,1616004000,55573.63,58996.38,55573.63,58925.54,9257.62454978,2021-03-17 18:00:00
303,1616025600,58589.23,59576.18,58925.54,58981.34,4162.45614457,2021-03-18 00:00:00
304,1616047200,57878.63,59079.77,58981.34,58145.63,2454.32556212,2021-03-18 06:00:00
305,1616068800,57518.19,60100.0,58145.63,59219.92,8639.49382954,2021-03-18 12:00:00
306,1616090400,56996.15,59287.4,59220.38,57644.95,6203.22070367,2021-03-18 18:00:00
307,1616112000,56260.0,58400.12,57644.95,58352.19,5110.5336607,2021-03-19 00:00:00
308,1616133600,57452.0,58886.0,58356.68,58851.4,3035.47086832,2021-03-19 06:00:00
309,1616155200,57927.6,59249.0,58854.79,58887.9,4468.77828829,2021-03-19 12:00:00
310,1616176800,57950.7,59461.99,58883.31,58039.66,3814.84692569,2021-03-19 18:00:00
311,1616198400,57827.97,58914.96,58026.91,58150.59,1942.27295703,2021-03-20 00:00:00
312,1616220000,58000.0,59299.0,58150.6,59252.07,1338.76072369,2021-03-20 06:00:00
313,1616241600,58590.86,59928.0,59252.07,59167.85,3680.70940605,2021-03-20 12:00:00
314,1616263200,58025.0,59477.79,59167.84,58116.7,2763.5381504,2021-03-20 18:00:00
315,1616284800,56750.0,58651.22,58126.34,57166.2,4366.38447355,2021-03-21 00:00:00
316,1616306400,55543.89,57451.7,57166.21,56273.74,2595.22864174,2021-03-21 06:00:00
317,1616328000,55885.01,57575.0,56273.78,57305.02,2374.69501436,2021-03-21 12:00:00
318,1616349600,57180.86,58158.41,57305.02,57363.32,2505.33064926,2021-03-21 18:00:00
319,1616371200,56325.0,57820.61,57377.29,57578.89,2693.0647417,2021-03-22 00:00:00
320,1616392800,57050.0,58421.68,57578.89,57714.09,1805.62371246,2021-03-22 06:00:00
321,1616414400,56215.0,57756.04,57722.74,57081.53,4973.96964316,2021-03-22 12:00:00
322,1616436000,53739.5,57190.0,57092.51,54110.07,10039.49837419,2021-03-22 18:00:00
323,1616457600,53141.91,55396.95,54111.49,53543.9,5334.58343995,2021-03-23 00:00:00
324,1616479200,53000.0,54817.29,53544.17,54249.26,3349.445551,2021-03-23 06:00:00
325,1616500800,54231.09,55798.77,54249.26,55735.81,5966.36795989,2021-03-23 12:00:00
326,1616522400,54179.98,55858.0,55731.54,54345.54,4571.35978916,2021-03-23 18:00:00
327,1616544000,53527.0,54738.0,54333.27,54119.41,3469.04155567,2021-03-24 00:00:00
328,1616565600,53733.0,56666.67,54119.41,56588.58,4783.7543906,2021-03-24 06:00:00
329,1616587200,55555.56,57209.97,56581.68,56122.01,5548.8676958,2021-03-24 12:00:00
330,1616608800,51673.82,56335.94,56122.0,52276.16,9973.54998416,2021-03-24 18:00:00
331,1616630400,51500.0,52843.99,52259.69,52688.56,6381.71922284,2021-03-25 00:00:00
332,1616652000,52066.62,53238.0,52688.62,52136.31,3895.74637519,2021-03-25 06:00:00
333,1616673600,50305.0,52311.0,52140.48,51627.11,14323.00897194,2021-03-25 12:00:00
334,1616695200,51235.25,52757.15,51626.72,51325.01,5041.56958591,2021-03-25 18:00:00
335,1616716800,51250.0,52946.79,51320.76,52849.98,3111.17723857,2021-03-26 00:00:00
336,1616738400,52420.0,53983.75,52849.99,52713.87,4478.79619988,2021-03-26 06:00:00
337,1616760000,52534.11,54096.27,52728.13,53886.72,5921.96070181,2021-03-26 12:00:00
338,1616781600,53530.0,55125.13,53894.24,55072.44,4331.07324179,2021-03-26 18:00:00
339,1616803200,54534.51,55658.94,55080.9,55212.29,2995.631579,2021-03-27 00:00:00
340,1616824800,54329.92,55306.32,55219.31,54458.9,1899.81333097,2021-03-27 06:00:00
341,1616846400,53966.0,56300.0,54458.65,56110.99,3857.62510229,2021-03-27 12:00:00
342,1616868000,55578.2,56640.0,56110.99,55856.53,2580.26348297,2021-03-27 18:00:00
343,1616889600,55573.49,56500.0,55856.54,56265.31,2545.42004219,2021-03-28 00:00:00
344,1616911200,55715.61,56587.08,56272.86,55792.17,1376.60062118,2021-03-28 06:00:00
345,1616932800,55275.06,56479.87,55788.36,55966.74,2284.33641482,2021-03-28 12:00:00
346,1616954400,54701.0,56000.0,55959.71,55778.82,3029.44594528,2021-03-28 18:00:00
347,1616976000,54900.0,55908.93,55781.22,55027.93,2305.40439661,2021-03-29 00:00:00
348,1616997600,55012.12,58325.85,55025.3,57886.15,4736.77868675,2021-03-29 06:00:00
349,1617019200,57178.12,58400.0,57888.76,57894.23,6397.59284104,2021-03-29 12:00:00
350,1617040800,57056.8,58000.0,57894.23,57613.48,4112.59292661,2021-03-29 18:00:00
351,1617062400,57000.0,57788.42,57613.76,57641.83,3733.07371474,2021-03-30 00:00:00
352,1617084000,57486.61,59300.0,57641.84,59271.43,4010.94375291,2021-03-30 06:00:00
353,1617105600,58460.0,59397.48,59271.43,58720.75,4243.540325,2021-03-30 12:00:00
354,1617127200,58420.61,59114.03,58720.61,58786.46,3117.51889761,2021-03-30 18:00:00
355,1617148800,58426.03,59093.0,58786.46,58715.0,2567.0364874,2021-03-31 00:00:00
356,1617170400,56873.8,59800.0,58715.0,58006.71,4925.9465309,2021-03-31 06:00:00
357,1617192000,57674.49,59664.55,58006.71,59269.12,5260.14023597,2021-03-31 12:00:00
358,1617213600,58347.44,59599.0,59269.12,58800.0,4623.50347387,2021-03-31 18:00:00
359,1617235200,58650.01,59333.16,58800.01,58808.64,2042.47834655,2021-04-01 00:00:00
360,1617256800,58139.94,59474.94,58803.27,58593.82,2082.42018597,2021-04-01 06:00:00
361,1617278400,58310.63,59284.05,58593.83,58496.76,3931.78122511,2021-04-01 12:00:00
362,1617300000,57930.0,59015.34,58496.76,58726.48,3039.65029144,2021-04-01 18:00:00
363,1617321600,58441.88,60055.02,58726.47,59541.72,4386.1015162,2021-04-02 00:00:00
364,1617343200,59245.16,59700.74,59543.22,59566.14,1432.825634,2021-04-02 06:00:00
365,1617364800,58900.0,59618.02,59566.14,59205.2,3130.36661053,2021-04-02 12:00:00
366,1617386400,58458.68,59305.39,59205.2,58981.04,2017.63641773,2021-04-02 18:00:00
367,1617408000,58941.2,59518.28,58981.04,59454.95,1428.36939176,2021-04-03 00:00:00
368,1617429600,58750.0,59752.0,59458.83,59269.49,1208.09180565,2021-04-03 06:00:00
369,1617451200,58201.0,59450.0,59257.53,58231.7,1826.60711587,2021-04-03 12:00:00
370,1617472800,56943.0,58758.17,58223.74,57094.34,3942.19569163,2021-04-03 18:00:00
371,1617494400,56478.53,57697.36,57094.34,57501.48,2756.85802773,2021-04-04 00:00:00
372,1617516000,57190.63,57784.07,57501.48,57311.58,953.26335624,2021-04-04 06:00:00
373,1617537600,57049.69,58500.0,57311.58,58175.23,1623.2672482,2021-04-04 12:00:00
374,1617559200,57776.42,58312.8,58175.23,58215.94,968.04324666,2021-04-04 18:00:00
375,1617580800,56900.0,58424.0,58216.73,56939.06,1861.7281753,2021-04-05 00:00:00
376,1617602400,56817.64,57750.0,56925.14,57750.0,1383.86898674,2021-04-05 06:00:00
377,1617624000,57750.0,59251.76,57750.0,58953.88,3773.60066095,2021-04-05 12:00:00
378,1617645600,58500.0,59133.85,58955.56,59123.02,2185.66541642,2021-04-05 18:00:00
379,1617667200,58000.0,59475.0,59134.07,58845.0,2457.63146532,2021-04-06 00:00:00
380,1617688800,58229.12,58955.36,58845.0,58529.46,1551.07005021,2021-04-06 06:00:00
381,1617710400,57333.33,58999.99,58529.46,58247.37,4362.11720851,2021-04-06 12:00:00
382,1617732000,57642.03,58329.64,58247.37,58019.98,1983.51142199,2021-04-06 18:00:00
383,1617753600,57239.35,58300.0,58021.67,58279.5,2580.87374042,2021-04-07 00:00:00
384,1617775200,55677.0,58630.0,58279.51,56303.41,5166.84886519,2021-04-07 06:00:00
385,1617796800,55609.0,56958.0,56297.82,56014.71,5780.01483563,2021-04-07 12:00:00
386,1617818400,55400.0,56553.38,56024.43,55955.75,4259.5570096,2021-04-07 18:00:00
387,1617840000,55700.0,57074.65,55962.67,56824.15,1736.07439294,2021-04-08 00:00:00
388,1617861600,56355.0,57300.0,56835.19,56438.82,1198.23374015,2021-04-08 06:00:00
389,1617883200,56346.89,57968.03,56438.82,57766.53,2948.57675434,2021-04-08 12:00:00
390,1617904800,57446.77,58152.0,57766.52,58083.1,2190.71242988,2021-04-08 18:00:00
391,1617926400,57850.0,58395.0,58083.1,57965.93,1508.68390553,2021-04-09 00:00:00
392,1617948000,57670.51,58869.69,57965.93,58512.09,1599.11202804,2021-04-09 06:00:00
393,1617969600,57850.01,58770.57,58512.1,58379.82,2892.3569628,2021-04-09 12:00:00
394,1617991200,57844.99,58590.64,58380.72,58092.68,2094.59340015,2021-04-09 18:00:00
395,1618012800,57875.41,61218.97,58092.68,60771.01,5496.70228717,2021-04-10 00:00:00
396,1618034400,60358.97,60950.0,60773.84,60503.71,1762.33572402,2021-04-10 06:00:00
397,1618056000,59855.0,60753.34,60503.7,60043.31,2581.76053256,2021-04-10 12:00:00
398,1618077600,58370.0,60047.0,60043.88,59778.6,2977.01252359,2021-04-10 18:00:00
399,1618099200,59512.07,60658.89,59778.59,59636.52,2482.13591148,2021-04-11 00:00:00
400,1618120800,59317.23,60082.22,59636.52,59672.23,1559.50287116,2021-04-11 06:00:00
401,1618142400,59177.06,59919.54,59672.23,59815.02,1404.74269844,2021-04-11 12:00:00
402,1618164000,59405.0,60157.0,59815.03,59985.26,1832.58368557,2021-04-11 18:00:00
403,1618185600,59542.31,60570.0,59983.66,60170.08,2423.56823523,2021-04-12 00:00:00
404,1618207200,59369.0,61199.0,60170.08,60231.71,2663.0773482,2021-04-12 06:00:00
405,1618228800,59625.01,60574.47,60231.71,59711.53,3847.19330036,2021-04-12 12:00:00
406,1618250400,59655.4,60196.49,59709.1,59839.82,2533.8886462,2021-04-12 18:00:00
407,1618272000,59799.01,61055.0,59836.88,60661.83,4114.53980375,2021-04-13 00:00:00
408,1618293600,60416.24,63199.99,60661.84,62955.46,4689.04501301,2021-04-13 06:00:00
409,1618315200,62541.02,63774.39,62955.81,63373.71,5518.18010032,2021-04-13 12:00:00
410,1618336800,62563.0,63666.82,63366.82,63588.22,3576.0011138,2021-04-13 18:00:00
411,1618358400,63110.81,64565.94,63588.22,64086.43,3677.21699339,2021-04-14 00:00:00
412,1618380000,63102.57,64899.0,64086.42,64583.11,4336.37222971,2021-04-14 06:00:00
413,1618401600,62190.0,64707.33,64583.11,62228.46,8203.06199654,2021-04-14 12:00:00
414,1618423200,61277.91,63051.64,62245.41,62971.8,6354.1899148,2021-04-14 18:00:00
415,1618444800,62327.38,63484.77,62971.8,63119.49,2841.13095045,2021-04-15 00:00:00
416,1618466400,62036.73,63304.5,63137.43,62353.54,1476.85738476,2021-04-15 06:00:00
417,1618488000,62352.09,63148.05,62352.52,62649.52,2687.11029216,2021-04-15 12:00:00
418,1618509600,62559.51,63831.82,62649.53,63229.04,4204.35190073,2021-04-15 18:00:00
419,1618531200,61507.0,63604.34,63229.04,61846.76,5220.62254917,2021-04-16 00:00:00
420,1618552800,60048.43,61877.67,61877.67,60900.58,4121.52935952,2021-04-16 06:00:00
421,1618574400,60399.38,61919.12,60906.12,61683.39,6928.03740782,2021-04-16 12:00:00
422,1618596000,61228.87,62167.57,61685.94,61427.27,3597.22390618,2021-04-16 18:00:00
423,1618617600,61230.0,62572.48,61427.27,62226.48,2366.79191339,2021-04-17 00:00:00
424,1618639200,60728.87,62498.0,62226.47,60920.03,1707.73345901,2021-04-17 06:00:00
425,1618660800,59750.0,61301.35,60920.03,59825.45,4458.19957216,2021-04-17 12:00:00
426,1618682400,59700.0,61026.32,59821.85,60058.86,2315.04291306,2021-04-17 18:00:00
427,1618704000,51300.0,60437.97,60067.2,55729.03,17036.51445972,2021-04-18 00:00:00
428,1618725600,53134.65,56666.67,55729.03,53371.28,6897.00737489,2021-04-18 06:00:00
429,1618747200,53320.68,56071.2,53371.28,55239.56,8196.13312215,2021-04-18 12:00:00
430,1618768800,55075.08,56790.7,55239.56,56274.41,4762.05463371,2021-04-18 18:00:00
431,1618790400,55819.64,57500.0,56273.65,56630.78,3363.49466646,2021-04-19 00:00:00
432,1618812000,56213.83,57600.0,56630.78,57188.5,2387.82819415,2021-04-19 06:00:00
433,1618833600,54187.85,57223.82,57186.64,55461.23,7225.10152655,2021-04-19 12:00:00
434,1618855200,55400.66,56669.9,55461.23,55696.83,3861.96732913,2021-04-19 18:00:00
435,1618876800,53610.0,55843.0,55696.83,55017.69,6154.6363978,2021-04-20 00:00:00
436,1618898400,53430.01,56459.33,55017.69,56339.56,3030.94188161,2021-04-20 06:00:00
437,1618920000,54708.65,56546.96,56339.56,55936.43,5127.12714511,2021-04-20 12:00:00
438,1618941600,55789.4,57111.0,55948.67,56499.29,4295.57441131,2021-04-20 18:00:00
439,1618963200,55023.13,56810.56,56477.67,55446.23,3199.09999706,2021-04-21 00:00:00
440,1618984800,54344.64,55828.83,55446.24,54606.0,2188.55611343,2021-04-21 06:00:00
441,1619006400,54334.0,56379.83,54606.0,55550.82,4673.80850037,2021-04-21 12:00:00
442,1619028000,53620.91,55780.0,55550.21,53800.86,5522.61937207,2021-04-21 18:00:00
443,1619049600,51300.0,54679.57,53795.62,54478.47,7954.34605423,2021-04-22 00:00:00
444,1619071200,53125.0,55217.99,54478.47,54860.02,3111.52731853,2021-04-22 06:00:00
445,1619092800,53300.0,55469.98,54860.97,53320.2,5314.14949607,2021-04-22 12:00:00
446,1619114400,50400.0,53590.17,53374.99,51701.59,14047.86867024,2021-04-22 18:00:00
447,1619136000,48381.05,52130.58,51695.98,49482.29,15481.26506137,2021-04-23 00:00:00
448,1619157600,47464.65,50314.04,49496.51,50146.02,8256.45871959,2021-04-23 06:00:00
449,1619179200,48559.44,50397.12,50146.02,49909.94,9238.61350233,2021-04-23 12:00:00
450,1619200800,49705.0,51500.0,49909.94,51187.27,5818.52090047,2021-04-23 18:00:00
451,1619222400,49358.48,51260.61,51187.75,50508.95,3276.67443222,2021-04-24 00:00:00
452,1619244000,48726.87,50570.0,50509.81,49124.98,2504.28523397,2021-04-24 06:00:00
453,1619265600,48970.0,50389.91,49114.86,50177.13,3251.75769916,2021-04-24 12:00:00
454,1619287200,50000.0,51056.56,50177.17,50089.15,2806.42619358,2021-04-24 18:00:00
455,1619308800,49411.76,50497.94,50101.42,49842.56,2268.46268118,2021-04-25 00:00:00
456,1619330400,49136.93,50298.0,49842.55,49589.99,2587.87805106,2021-04-25 06:00:00
457,1619352000,49490.96,50591.38,49590.0,49986.38,2417.62376209,2021-04-25 12:00:00
458,1619373600,47044.01,50010.03,49986.38,49121.0,7359.54757111,2021-04-25 18:00:00
459,1619395200,48817.62,52773.02,49121.0,52608.14,6036.440204,2021-04-26 00:00:00
460,1619416800,52348.28,53800.0,52608.15,53715.72,2820.01863821,2021-04-26 06:00:00
461,1619438400,52947.64,54400.0,53715.72,54123.94,4711.6365137,2021-04-26 12:00:00
462,1619460000,52644.82,54394.0,54123.93,54053.6,4437.12863834,2021-04-26 18:00:00
463,1619481600,53321.0,54200.0,54047.8,53992.87,2120.35672652,2021-04-27 00:00:00
464,1619503200,53974.61,55323.85,53992.87,55237.57,2953.80746575,2021-04-27 06:00:00
465,1619524800,54341.2,55389.0,55242.14,54959.55,5926.94047081,2021-04-27 12:00:00
466,1619546400,54693.36,55509.39,54959.55,55069.62,2955.98183204,2021-04-27 18:00:00
467,1619568000,54505.2,55794.43,55069.61,54675.57,3398.78743346,2021-04-28 00:00:00
468,1619589600,53887.0,55128.8,54683.71,54894.65,2903.39109229,2021-04-28 06:00:00
469,1619611200,54160.0,55350.0,54894.64,54900.0,4425.84404517,2021-04-28 12:00:00
470,1619632800,54084.94,56476.17,54900.0,54894.03,5756.31420563,2021-04-28 18:00:00
471,1619654400,53535.43,55226.86,54889.81,53960.61,2685.75211701,2021-04-29 00:00:00
472,1619676000,53800.01,54748.99,53960.61,54347.42,1835.95025813,2021-04-29 06:00:00
473,1619697600,52700.0,54588.95,54347.43,52766.09,5913.91433726,2021-04-29 12:00:00
474,1619719200,52369.61,53682.85,52768.86,53580.0,4156.70017532,2021-04-29 18:00:00
475,1619740800,53068.43,54357.67,53580.0,54326.43,2394.91991272,2021-04-30 00:00:00
476,1619762400,54101.0,54834.89,54326.43,54282.63,1976.02541419,2021-04-30 06:00:00
477,1619784000,54230.35,57421.48,54282.64,56602.32,7748.98084215,2021-04-30 12:00:00
478,1619805600,56433.32,58075.01,56602.32,57798.77,4416.40672006,2021-04-30 18:00:00
479,1619827200,57514.39,58550.0,57798.77,58170.36,4197.81287158,2021-05-01 00:00:00
480,1619848800,57199.0,58279.73,58170.35,57879.76,1868.61380709,2021-05-01 06:00:00
481,1619870400,57050.94,58121.11,57879.76,57600.0,2531.41377193,2021-05-01 12:00:00
482,1619892000,57350.0,58048.22,57600.0,57859.28,2189.20888156,2021-05-01 18:00:00
483,1619913600,56222.05,57972.26,57859.28,56971.39,2433.29258401,2021-05-02 00:00:00
484,1619935200,56072.0,57127.68,56953.14,57127.68,1647.70725709,2021-05-02 06:00:00
485,1619956800,56371.53,57308.77,57127.68,56845.68,1465.69370934,2021-05-02 12:00:00
486,1619978400,56275.0,57198.06,56844.81,56625.2,2100.93223043,2021-05-02 18:00:00
487,1620000000,56575.99,58300.0,56625.21,57954.85,3029.33891631,2021-05-03 00:00:00
488,1620021600,57851.01,58986.0,57954.86,58699.7,2274.03183061,2021-05-03 06:00:00
489,1620043200,57201.97,58801.21,58699.05,57999.89,4932.55230683,2021-05-03 12:00:00
490,1620064800,56500.0,58130.54,57999.88,57212.73,4929.0834342,2021-05-03 18:00:00
491,1620086400,54700.2,57247.24,57212.73,56045.35,5279.66793092,2021-05-04 00:00:00
492,1620108000,55585.18,56662.72,56030.39,56188.4,2898.3697999,2021-05-04 06:00:00
493,1620129600,53200.0,56337.13,56189.3,54205.76,10844.62958673,2021-05-04 12:00:00
494,1620151200,53057.7,54872.19,54207.82,53241.92,4469.39136735,2021-05-04 18:00:00
495,1620172800,52913.02,55416.48,53241.91,54727.56,5776.83001851,2021-05-05 00:00:00
496,1620194400,54000.0,55861.95,54730.49,55154.65,3131.41541638,2021-05-05 06:00:00
497,1620216000,55100.33,57980.86,55154.65,57345.45,8716.53911916,2021-05-05 12:00:00
498,1620237600,56575.0,57638.35,57348.15,57515.69,5294.12003167,2021-05-05 18:00:00
499,1620259200,56637.35,57658.21,57515.69,57239.89,3707.94893122,2021-05-06 00:00:00
500,1620280800,56433.21,58400.0,57234.31,58073.22,2741.90302323,2021-05-06 06:00:00
501,1620302400,56646.24,58152.66,58072.61,56844.66,5169.28897825,2021-05-06 12:00:00
502,1620324000,55288.0,57030.0,56844.67,56440.66,6624.99511941,2021-05-06 18:00:00
503,1620345600,55300.0,57137.88,56444.82,55830.32,4502.02211194,2021-05-07 00:00:00
504,1620367200,55608.62,56844.9,55830.32,56523.74,2160.0366794,2021-05-07 06:00:00
505,1620388800,56285.6,58735.95,56523.74,58175.04,6317.10861951,2021-05-07 12:00:00
506,1620410400,56786.52,58194.81,58175.05,57380.39,5344.72839135,2021-05-07 18:00:00
507,1620432000,56980.01,58664.61,57380.39,57951.37,2965.11549573,2021-05-08 00:00:00
508,1620453600,57519.57,59434.26,57951.37,58662.71,2967.43399982,2021-05-08 06:00:00
509,1620475200,57611.26,59499.99,58662.71,59016.38,5824.62287926,2021-05-08 12:00:00
510,1620496800,58578.54,59559.84,59016.38,58958.05,3617.77205483,2021-05-08 18:00:00
511,1620518400,57866.0,59300.52,58958.06,58505.57,5128.91649688,2021-05-09 00:00:00
512,1620540000,57544.0,58608.83,58503.99,57886.29,3329.24907522,2021-05-09 06:00:00
513,1620561600,56265.3,57976.28,57886.3,57532.38,5476.52254718,2021-05-09 12:00:00
514,1620583200,57142.36,58491.15,57538.98,58312.57,3235.03506595,2021-05-09 18:00:00
515,1620604800,58102.0,59592.2,58313.84,59123.84,3842.31356802,2021-05-10 00:00:00
516,1620626400,57400.46,59259.42,59125.32,58172.68,3372.33409756,2021-05-10 06:00:00
517,1620648000,56800.0,58643.17,58179.93,57041.36,7332.19392073,2021-05-10 12:00:00
518,1620669600,53600.0,57255.05,57041.36,55866.41,10100.39382087,2021-05-10 18:00:00
519,1620691200,54511.48,56451.7,55866.38,54868.89,4472.81705018,2021-05-11 00:00:00
520,1620712800,54801.85,56267.14,54868.89,55265.15,2259.81240472,2021-05-11 06:00:00
521,1620734400,54807.4,56575.89,55265.14,56464.96,4952.80477763,2021-05-11 12:00:00
522,1620756000,56304.35,56962.07,56463.63,56753.19,3761.20168423,2021-05-11 18:00:00
523,1620777600,56637.34,58041.0,56753.19,57285.35,3496.42246612,2021-05-12 00:00:00
524,1620799200,56043.79,57422.55,57280.37,56518.36,2531.2827084,2021-05-12 06:00:00
525,1620820800,54421.92,56984.99,56518.36,54918.96,8356.2432247,2021-05-12 12:00:00
526,1620842400,48500.0,55190.0,54924.91,49498.77,15276.89433631,2021-05-12 18:00:00
527,1620864000,46000.0,52500.0,49498.76,50956.48,11924.96001565,2021-05-13 00:00:00
528,1620885600,48428.85,51400.0,50956.54,49790.93,6948.09186995,2021-05-13 06:00:00
529,1620907200,46897.08,50918.63,49799.4,48431.03,13273.67227464,2021-05-13 12:00:00
530,1620928800,47661.0,49902.73,48431.03,49690.11,10103.36324765,2021-05-13 18:00:00
531,1620950400,48895.0,50439.08,49682.28,49724.99,4519.98232647,2021-05-14 00:00:00
532,1620972000,48915.86,51024.01,49724.98,50641.76,3772.69674605,2021-05-14 06:00:00
533,1620993600,50120.0,51569.56,50641.76,50645.46,7400.70715332,2021-05-14 12:00:00
534,1621015200,49064.6,50767.46,50645.45,49893.48,6294.40739864,2021-05-14 18:00:00
535,1621036800,49155.4,50730.58,49893.48,49701.07,5166.55709244,2021-05-15 00:00:00
536,1621058400,47821.0,49701.06,49701.06,48965.9,4390.52941026,2021-05-15 06:00:00
537,1621080000,47500.0,49615.11,48971.12,47846.39,5306.10475734,2021-05-15 12:00:00
538,1621101600,46573.0,48750.0,47850.1,46775.51,7072.92328708,2021-05-15 18:00:00
539,1621123200,46490.0,48814.36,46771.01,48159.06,4610.78132246,2021-05-16 00:00:00
540,1621144800,48138.6,49808.28,48166.17,49063.01,2525.53786927,2021-05-16 06:00:00
541,1621166400,46222.05,49249.99,49064.73,47120.66,5344.83469482,2021-05-16 12:00:00
542,1621188000,43825.0,47419.3,47120.66,46450.79,18174.17676074,2021-05-16 18:00:00
543,1621209600,42141.0,46646.15,46450.78,44138.38,16333.11712394,2021-05-17 00:00:00
544,1621231200,43843.06,45874.97,44137.94,45803.18,6331.09857947,2021-05-17 06:00:00
545,1621252800,42101.0,45849.89,45800.22,42598.21,10907.56761464,2021-05-17 12:00:00
546,1621274400,42300.0,44974.87,42594.1,43580.5,10088.43876622,2021-05-17 18:00:00
547,1621296000,43188.48,45600.19,43571.89,45413.77,6696.13504439,2021-05-18 00:00:00
548,1621317600,44666.69,45851.0,45409.95,45387.26,3064.21669719,2021-05-18 06:00:00
549,1621339200,42655.98,45405.51,45385.34,43376.58,10981.59226864,2021-05-18 12:00:00
550,1621360800,42300.0,43628.14,43376.58,42857.15,7468.35622996,2021-05-18 18:00:00
551,1621382400,38500.0,43591.7,42865.05,39206.48,24802.94898944,2021-05-19 00:00:00
552,1621404000,36189.9,40776.99,39200.0,38690.13,14112.5265242,2021-05-19 06:00:00
553,1621425600,30000.0,42990.0,38682.5,39470.78,52503.53673047,2021-05-19 12:00:00
554,1621447200,36669.37,40378.72,39470.78,36731.75,18118.23008871,2021-05-19 18:00:00
555,1621468800,35000.0,40040.06,36735.44,39989.8,16736.82235496,2021-05-20 00:00:00
556,1621490400,38802.08,40812.0,39989.8,40571.98,7331.6987341,2021-05-20 06:00:00
557,1621512000,38172.55,42605.0,40561.11,39866.48,18007.62249266,2021-05-20 12:00:00
558,1621533600,39349.34,41854.22,39878.61,40623.33,9369.65377519,2021-05-20 18:00:00
559,1621555200,39649.67,42275.99,40623.24,39912.23,7295.29947485,2021-05-21 00:00:00
560,1621576800,39292.05,41255.0,39916.96,41187.62,6265.22838035,2021-05-21 06:00:00
561,1621598400,36140.1,41789.61,41176.38,37400.0,23142.67474892,2021-05-21 12:00:00
562,1621620000,33501.54,37500.0,37400.0,37340.77,19258.69745634,2021-05-21 18:00:00
563,1621641600,35257.52,38134.86,37333.09,36451.0,9322.50291037,2021-05-22 00:00:00
564,1621663200,35566.22,38801.57,36443.64,38190.15,7360.73241386,2021-05-22 06:00:00
565,1621684800,37136.68,38889.76,38197.05,38026.47,7944.16817931,2021-05-22 12:00:00
566,1621706400,37253.08,38400.0,38026.47,37476.83,4611.623879,2021-05-22 18:00:00
567,1621728000,36675.0,38319.36,37476.84,36927.62,5051.24193693,2021-05-23 00:00:00
568,1621749600,33875.0,37346.47,36927.61,35433.91,11701.1005315,2021-05-23 06:00:00
569,1621771200,31111.0,35823.81,35431.39,32750.0,24843.68023668,2021-05-23 12:00:00
570,1621792800,31785.81,35069.0,32750.0,34758.67,11837.28026021,2021-05-23 18:00:00
571,1621814400,34407.17,35989.0,34758.88,35361.54,11208.53268359,2021-05-24 00:00:00
572,1621836000,35064.2,37941.0,35341.53,37648.65,7676.50023882,2021-05-24 06:00:00
573,1621857600,36868.0,38750.0,37646.29,37735.0,12622.93362727,2021-05-24 12:00:00
574,1621879200,37455.22,39966.87,37725.92,38878.56,12911.49172745,2021-05-24 18:00:00
575,1621900800,37685.01,39878.51,38874.53,38420.28,6646.63395257,2021-05-25 00:00:00
576,1621922400,36527.51,39240.65,38425.08,36586.84,5611.65877151,2021-05-25 06:00:00
577,1621944000,36481.26,38499.0,36584.55,38022.68,8128.89846319,2021-05-25 12:00:00
578,1621965600,37180.0,38751.86,38012.72,38361.81,5720.3656856,2021-05-25 18:00:00
579,1621987200,37837.36,39721.0,38361.81,39264.1,6433.92177754,2021-05-26 00:00:00
580,1622008800,39200.27,40900.0,39264.1,39916.5,4479.0193656,2021-05-26 06:00:00
581,1622030400,38094.32,40379.38,39916.9,39022.61,8718.53351756,2021-05-26 12:00:00
582,1622052000,37950.01,39490.0,39022.23,39293.23,5476.21165415,2021-05-26 18:00:00
583,1622073600,37191.99,39293.23,39293.23,38191.03,6188.67829174,2021-05-27 00:00:00
584,1622095200,37900.0,39882.68,38195.13,39728.09,3085.30248049,2021-05-27 06:00:00
585,1622116800,38754.11,40440.95,39730.44,39076.49,5923.81215254,2021-05-27 12:00:00
586,1622138400,38224.66,39258.73,39076.49,38556.88,4193.10154787,2021-05-27 18:00:00
587,1622160000,36738.34,38900.0,38556.88,37034.08,5544.46630877,2021-05-28 00:00:00
588,1622181600,35127.0,37389.47,37034.09,35376.41,8796.31986944,2021-05-28 06:00:00
589,1622203200,35198.36,37304.96,35370.98,36012.94,10597.7371115,2021-05-28 12:00:00
590,1622224800,34688.0,36586.53,36012.14,35680.47,11293.20005014,2021-05-28 18:00:00
591,1622246400,35642.86,37325.0,35680.48,36882.76,5286.48163973,2021-05-29 00:00:00
592,1622268000,34621.0,37085.48,36880.91,35409.5,5755.23751052,2021-05-29 06:00:00
593,1622289600,33688.0,35436.74,35409.49,33913.54,10794.94064574,2021-05-29 12:00:00
594,1622311200,33650.86,35097.21,33909.71,34627.82,6162.49093657,2021-05-29 18:00:00
595,1622332800,33333.0,35514.0,34627.81,35349.38,5727.06697065,2021-05-30 00:00:00
596,1622354400,35286.95,36436.3,35362.22,36383.45,3850.92664072,2021-05-30 06:00:00
597,1622376000,35138.04,36500.0,36378.76,35847.44,3469.14970766,2021-05-30 12:00:00
598,1622397600,35511.3,36350.0,35841.47,35669.44,2991.80326179,2021-05-30 18:00:00
599,1622419200,34183.0,36012.17,35669.44,34483.38,5138.65105243,2021-05-31 00:00:00
600,1622419200,34183.0,36012.17,35669.44,34483.38,5138.65105243,2021-05-31 00:00:00
601,1622440800,34471.51,37236.08,34487.28,36871.3,4773.38032909,2021-05-31 06:00:00
602,1622462400,36360.0,37494.2,36857.07,36959.65,6137.44493549,2021-05-31 12:00:00
603,1622484000,36531.19,37534.09,36961.5,37279.31,3477.63968461,2021-05-31 18:00:00
604,1622505600,36500.0,37918.97,37276.23,37278.51,4044.09621201,2021-06-01 00:00:00
