,index,epoch,low,high,open,close,volume,date
0,299,1623580200,35791.2,35945.66,35885.52,35945.66,51.03605648,2021-06-13 10:30:00
1,298,1623581100,35918.83,36084.89,35946.74,35989.92,100.15429818,2021-06-13 10:45:00
2,297,1623582000,35958.28,36098.0,35990.19,36015.49,56.61194172,2021-06-13 11:00:00
3,296,1623582900,35949.73,36069.03,36013.42,35969.79,47.97217368,2021-06-13 11:15:00
4,295,1623583800,35791.39,35960.77,35960.77,35800.72,46.84785206,2021-06-13 11:30:00
5,294,1623584700,35764.17,35916.62,35801.65,35914.04,52.96920805,2021-06-13 11:45:00
6,293,1623585600,35856.93,36159.1,35912.53,36004.31,166.77626865,2021-06-13 12:00:00
7,292,1623586500,35866.95,36057.64,36004.31,35866.95,37.12979895,2021-06-13 12:15:00
8,291,1623587400,35810.88,35965.35,35866.95,35868.31,40.73223767,2021-06-13 12:30:00
9,290,1623588300,35841.84,36015.48,35868.31,35892.99,78.47270367,2021-06-13 12:45:00
10,289,1623589200,35790.95,35984.31,35892.72,35937.53,69.33281485,2021-06-13 13:00:00
11,288,1623590100,35885.12,36013.32,35940.95,36007.58,46.12898834,2021-06-13 13:15:00
12,287,1623591000,35890.21,36082.03,36007.58,36040.53,88.83525748,2021-06-13 13:30:00
13,286,1623591900,35875.76,36079.87,36040.53,35901.28,69.04960029,2021-06-13 13:45:00
14,285,1623592800,35859.41,36029.6,35901.28,35873.5,105.51809751,2021-06-13 14:00:00
15,284,1623593700,35686.62,35878.24,35873.26,35757.69,108.54309304,2021-06-13 14:15:00
16,283,1623594600,35750.0,35887.99,35755.83,35863.24,61.53752926,2021-06-13 14:30:00
17,282,1623595500,35779.48,35910.69,35862.97,35779.48,57.59615728,2021-06-13 14:45:00
18,281,1623596400,35747.48,35985.15,35779.47,35951.06,62.4953872,2021-06-13 15:00:00
19,280,1623597300,35835.01,35951.06,35951.06,35837.85,43.04881783,2021-06-13 15:15:00
20,279,1623598200,35825.6,35976.29,35837.85,35912.36,49.97239241,2021-06-13 15:30:00
21,278,1623599100,35887.97,36076.99,35912.36,36047.52,87.5257007,2021-06-13 15:45:00
22,277,1623600000,36000.0,36500.0,36047.52,36482.92,289.57470297,2021-06-13 16:00:00
23,276,1623600900,36410.16,36989.0,36482.92,36857.11,519.9588126,2021-06-13 16:15:00
24,275,1623601800,36846.79,37180.06,36857.11,37121.0,322.01690797,2021-06-13 16:30:00
25,274,1623602700,36972.55,37144.67,37121.0,37034.8,219.10144609,2021-06-13 16:45:00
26,273,1623603600,36867.09,37099.99,37034.8,37010.05,149.87615618,2021-06-13 17:00:00
27,272,1623604500,36991.14,37300.0,37010.05,37213.1,257.79291541,2021-06-13 17:15:00
28,271,1623605400,37080.0,37468.32,37213.1,37352.44,279.43676924,2021-06-13 17:30:00
29,270,1623606300,37300.0,37490.0,37339.45,37320.9,233.4866484,2021-06-13 17:45:00
30,269,1623607200,37288.48,37444.07,37320.91,37441.68,235.03652328,2021-06-13 18:00:00
31,268,1623608100,37389.0,37634.73,37441.69,37514.95,406.4252386,2021-06-13 18:15:00
32,267,1623609000,37322.79,37540.0,37516.51,37375.64,168.86043608,2021-06-13 18:30:00
33,266,1623609900,37322.11,37500.0,37374.03,37500.0,161.3812437,2021-06-13 18:45:00
34,265,1623610800,37369.54,37533.01,37500.0,37416.88,130.58100576,2021-06-13 19:00:00
35,264,1623611700,37291.62,37435.96,37416.88,37382.7,196.97154197,2021-06-13 19:15:00
36,263,1623612600,37382.69,37576.46,37382.69,37559.85,164.14570766,2021-06-13 19:30:00
37,262,1623613500,37553.45,37765.0,37553.46,37669.98,332.33326082,2021-06-13 19:45:00
38,261,1623614400,37661.35,39260.86,37669.99,38955.56,1849.38312927,2021-06-13 20:00:00
39,260,1623615300,38642.17,39048.29,38948.34,38761.93,555.94256464,2021-06-13 20:15:00
40,259,1623616200,38670.48,38917.0,38758.35,38826.94,291.62008409,2021-06-13 20:30:00
41,258,1623617100,38810.03,39396.0,38826.94,39260.94,612.65811308,2021-06-13 20:45:00
42,257,1623618000,38819.1,39322.36,39264.57,39017.03,490.99419964,2021-06-13 21:00:00
43,256,1623618900,38872.83,39069.13,39017.39,38988.39,338.16605566,2021-06-13 21:15:00
44,255,1623619800,38986.88,39197.35,38988.39,39091.76,178.8417125,2021-06-13 21:30:00
45,254,1623620700,38870.99,39122.55,39100.43,38896.24,252.33309227,2021-06-13 21:45:00
46,253,1623621600,38726.54,39070.19,38896.24,38741.54,212.78362062,2021-06-13 22:00:00
47,252,1623622500,38694.88,38895.48,38741.55,38717.14,235.70497276,2021-06-13 22:15:00
48,251,1623623400,38715.3,39000.0,38717.17,38896.55,299.36341515,2021-06-13 22:30:00
49,250,1623624300,38815.6,38943.96,38895.57,38874.48,241.52934533,2021-06-13 22:45:00
50,249,1623625200,38737.74,38877.09,38874.48,38777.92,203.59269803,2021-06-13 23:00:00
51,248,1623626100,38780.31,39000.0,38782.38,38904.44,162.82300038,2021-06-13 23:15:00
52,247,1623627000,38800.0,38953.25,38912.14,38804.16,163.15887186,2021-06-13 23:30:00
53,246,1623627900,38757.84,39189.85,38803.79,39015.24,312.93532115,2021-06-13 23:45:00
54,245,1623628800,38808.86,39249.0,39015.24,38851.78,287.54294462,2021-06-14 00:00:00
55,244,1623629700,38791.11,39084.72,38853.58,39062.7,130.70894126,2021-06-14 00:15:00
56,243,1623630600,38889.64,39142.76,39062.71,39101.82,177.23365042,2021-06-14 00:30:00
57,242,1623631500,39042.22,39233.45,39110.55,39136.05,150.00294948,2021-06-14 00:45:00
58,241,1623632400,39011.2,39149.95,39136.05,39012.05,139.73592529,2021-06-14 01:00:00
59,240,1623633300,39000.0,39300.0,39012.05,39299.12,203.47760711,2021-06-14 01:15:00
60,239,1623634200,39249.0,39847.57,39294.55,39355.06,928.80660149,2021-06-14 01:30:00
61,238,1623635100,39038.72,39409.99,39354.04,39193.51,307.68638744,2021-06-14 01:45:00
62,237,1623636000,39112.11,39300.0,39193.5,39194.76,144.19694488,2021-06-14 02:00:00
63,236,1623636900,38792.0,39200.0,39196.59,39018.51,252.92118014,2021-06-14 02:15:00
64,235,1623637800,38911.53,39018.58,39018.5,38969.36,138.25337475,2021-06-14 02:30:00
65,234,1623638700,38932.74,39051.53,38962.82,38992.79,76.31279543,2021-06-14 02:45:00
66,233,1623639600,38846.42,39020.0,38996.63,38867.96,111.61112518,2021-06-14 03:00:00
67,232,1623640500,38857.24,38996.13,38872.33,38865.46,80.16686488,2021-06-14 03:15:00
68,231,1623641400,38744.83,38961.59,38865.47,38762.74,107.11873132,2021-06-14 03:30:00
69,230,1623642300,38764.61,39071.67,38764.61,38986.21,106.72849247,2021-06-14 03:45:00
70,229,1623643200,38800.69,39009.54,38986.21,38822.33,90.77958421,2021-06-14 04:00:00
71,228,1623644100,38824.66,39269.01,38824.99,39175.61,209.82097365,2021-06-14 04:15:00
72,227,1623645000,39119.26,39359.22,39175.26,39307.05,82.32032821,2021-06-14 04:30:00
73,226,1623645900,39207.89,39357.98,39311.09,39283.74,100.09057375,2021-06-14 04:45:00
74,225,1623646800,39148.83,39399.99,39283.74,39396.33,137.14734976,2021-06-14 05:00:00
75,224,1623647700,39274.39,39419.72,39388.27,39419.72,74.87737015,2021-06-14 05:15:00
76,223,1623648600,39400.0,39600.0,39419.71,39445.32,166.16863524,2021-06-14 05:30:00
77,222,1623649500,39424.16,39616.33,39445.31,39428.11,102.27468037,2021-06-14 05:45:00
78,221,1623650400,39251.27,39529.78,39429.09,39258.01,204.06691347,2021-06-14 06:00:00
79,220,1623651300,39189.05,39421.91,39260.37,39317.96,79.43172484,2021-06-14 06:15:00
80,219,1623652200,39202.73,39368.0,39307.09,39323.94,59.14647738,2021-06-14 06:30:00
81,218,1623653100,39291.03,39708.0,39324.23,39605.71,191.13454173,2021-06-14 06:45:00
82,217,1623654000,39493.71,39699.98,39605.71,39507.66,136.2606498,2021-06-14 07:00:00
83,216,1623654900,39485.18,39653.39,39509.7,39629.15,92.75497002,2021-06-14 07:15:00
84,215,1623655800,39546.69,39667.72,39625.35,39622.25,111.49910559,2021-06-14 07:30:00
85,214,1623656700,39466.94,39622.25,39622.25,39564.29,74.26608645,2021-06-14 07:45:00
86,213,1623657600,39134.56,39641.32,39564.3,39161.79,245.31364184,2021-06-14 08:00:00
87,212,1623658500,39000.0,39265.38,39161.8,39186.32,131.38020751,2021-06-14 08:15:00
88,211,1623659400,39106.98,39307.93,39186.4,39118.58,131.14500286,2021-06-14 08:30:00
89,210,1623660300,38928.57,39185.0,39121.39,39020.64,134.22888034,2021-06-14 08:45:00
90,209,1623661200,38983.63,39171.32,39020.64,39100.0,103.77001433,2021-06-14 09:00:00
91,208,1623662100,39045.97,39411.67,39099.99,39198.36,195.10904029,2021-06-14 09:15:00
92,207,1623663000,39061.32,39250.0,39198.36,39147.01,76.46515008,2021-06-14 09:30:00
93,206,1623663900,39055.64,39227.5,39151.55,39091.06,104.54361657,2021-06-14 09:45:00
94,205,1623664800,39038.44,39191.4,39091.06,39165.01,107.16508954,2021-06-14 10:00:00
95,204,1623665700,39134.9,39241.0,39165.01,39191.06,145.34382645,2021-06-14 10:15:00
96,203,1623666600,39117.49,39284.96,39191.27,39252.41,123.73379225,2021-06-14 10:30:00
97,202,1623667500,39252.41,39396.68,39252.42,39338.44,134.41184738,2021-06-14 10:45:00
98,201,1623668400,39300.62,39439.0,39338.43,39341.69,74.23034618,2021-06-14 11:00:00
99,200,1623669300,39154.31,39344.79,39344.79,39198.88,88.17002482,2021-06-14 11:15:00
100,199,1623670200,39129.07,39222.0,39198.88,39165.78,91.08607333,2021-06-14 11:30:00
101,198,1623671100,39161.6,39271.69,39165.78,39166.15,108.8511677,2021-06-14 11:45:00
102,197,1623672000,39064.95,39186.52,39166.16,39107.29,238.49023335,2021-06-14 12:00:00
103,196,1623672900,39041.17,39331.16,39107.29,39270.36,254.84193588,2021-06-14 12:15:00
104,195,1623673800,39233.46,39566.0,39273.45,39490.91,220.42700968,2021-06-14 12:30:00
105,194,1623674700,39433.48,39625.58,39490.08,39600.0,289.30267205,2021-06-14 12:45:00
106,193,1623675600,39553.45,40480.0,39600.0,40480.0,1405.67889948,2021-06-14 13:00:00
107,192,1623676500,40264.83,40664.0,40480.0,40518.02,775.45351854,2021-06-14 13:15:00
108,191,1623677400,40379.72,40813.97,40521.56,40777.04,698.55829525,2021-06-14 13:30:00
109,190,1623678300,40459.33,40787.96,40777.04,40550.0,428.03072438,2021-06-14 13:45:00
110,189,1623679200,40402.83,40750.0,40549.99,40675.1,323.7798146,2021-06-14 14:00:00
111,188,1623680100,40669.0,41076.03,40672.06,40965.69,663.64562358,2021-06-14 14:15:00
112,187,1623681000,40733.28,41057.71,40965.7,40821.86,369.16546689,2021-06-14 14:30:00
113,186,1623681900,40494.75,40910.45,40821.86,40565.2,351.51823439,2021-06-14 14:45:00
114,185,1623682800,40450.0,40650.88,40559.67,40557.5,295.15642139,2021-06-14 15:00:00
115,184,1623683700,40544.43,40747.96,40557.49,40598.01,248.7705613,2021-06-14 15:15:00
116,183,1623684600,40562.64,40722.25,40598.01,40567.12,192.53317974,2021-06-14 15:30:00
117,182,1623685500,40530.47,40700.04,40561.76,40682.32,261.88975342,2021-06-14 15:45:00
118,181,1623686400,40214.12,40743.85,40682.32,40541.12,484.96847949,2021-06-14 16:00:00
119,180,1623687300,40229.25,40598.4,40541.11,40278.32,324.53705803,2021-06-14 16:15:00
120,179,1623688200,39768.96,40337.91,40278.32,39860.83,663.69677719,2021-06-14 16:30:00
121,178,1623689100,39843.31,40191.22,39863.65,40175.95,372.33947495,2021-06-14 16:45:00
122,177,1623690000,39965.25,40210.81,40173.12,40051.13,234.80043719,2021-06-14 17:00:00
123,176,1623690900,39974.82,40211.58,40053.92,40096.86,176.6055311,2021-06-14 17:15:00
124,175,1623691800,40090.54,40331.87,40096.86,40279.24,211.24253909,2021-06-14 17:30:00
125,174,1623692700,40172.03,40279.24,40279.24,40239.3,146.46815663,2021-06-14 17:45:00
126,173,1623693600,40108.63,40272.84,40234.49,40128.81,235.20369326,2021-06-14 18:00:00
127,172,1623694500,40016.76,40168.75,40127.67,40020.0,156.59094552,2021-06-14 18:15:00
128,171,1623695400,39848.0,40071.23,40020.01,39902.51,228.01272103,2021-06-14 18:30:00
129,170,1623696300,39660.58,39956.78,39902.51,39745.01,300.71030544,2021-06-14 18:45:00
130,169,1623697200,39347.18,39854.18,39745.01,39489.01,429.4145101,2021-06-14 19:00:00
131,168,1623698100,39314.33,39587.84,39488.02,39491.0,321.51451552,2021-06-14 19:15:00
132,167,1623699000,39459.42,39780.36,39486.43,39701.01,181.91265699,2021-06-14 19:30:00
133,166,1623699900,39553.13,39799.34,39701.01,39718.78,188.1774628,2021-06-14 19:45:00
134,165,1623700800,39636.42,39994.9,39720.99,39919.57,252.93101799,2021-06-14 20:00:00
135,164,1623701700,39688.37,39924.73,39920.57,39786.48,151.87468396,2021-06-14 20:15:00
136,163,1623702600,39628.54,39800.0,39787.16,39799.99,163.62816065,2021-06-14 20:30:00
137,162,1623703500,39753.45,39909.27,39799.99,39847.36,226.32006725,2021-06-14 20:45:00
138,161,1623704400,39847.36,40347.0,39847.37,40159.4,341.14345873,2021-06-14 21:00:00
139,160,1623705300,39972.38,40217.24,40159.4,40078.23,188.96536935,2021-06-14 21:15:00
140,159,1623706200,40009.68,40240.53,40076.82,40150.36,219.33000017,2021-06-14 21:30:00
141,158,1623707100,40137.86,40308.07,40150.36,40291.51,125.22547997,2021-06-14 21:45:00
142,157,1623708000,40209.27,40439.74,40291.52,40250.0,183.05811162,2021-06-14 22:00:00
143,156,1623708900,40066.66,40302.45,40249.99,40171.38,121.13652698,2021-06-14 22:15:00
144,155,1623709800,40095.94,40360.42,40170.11,40196.9,145.34922965,2021-06-14 22:30:00
145,154,1623710700,40145.14,40283.23,40196.9,40195.57,116.01513352,2021-06-14 22:45:00
146,153,1623711600,40108.89,40312.08,40196.55,40276.24,90.33570753,2021-06-14 23:00:00
147,152,1623712500,40265.88,40500.0,40273.82,40493.33,315.40169092,2021-06-14 23:15:00
148,151,1623713400,40371.53,40517.0,40496.95,40487.78,114.06684133,2021-06-14 23:30:00
149,150,1623714300,40450.0,40611.87,40487.78,40539.47,239.13286944,2021-06-14 23:45:00
150,149,1623715200,40200.06,40676.54,40537.93,40446.62,236.46805446,2021-06-15 00:00:00
151,148,1623716100,40446.62,40850.0,40446.62,40730.54,313.16405725,2021-06-15 00:15:00
152,147,1623717000,40508.69,40734.66,40726.79,40600.17,128.57806752,2021-06-15 00:30:00
153,146,1623717900,40348.0,40600.18,40600.18,40377.16,164.04344237,2021-06-15 00:45:00
154,145,1623718800,40113.6,40462.77,40380.7,40214.39,220.40113899,2021-06-15 01:00:00
155,144,1623719700,40144.3,40267.03,40214.38,40241.72,103.22151326,2021-06-15 01:15:00
156,143,1623720600,40028.78,40237.81,40237.81,40078.88,97.55305672,2021-06-15 01:30:00
157,142,1623721500,39860.99,40150.72,40077.36,39942.56,151.36493402,2021-06-15 01:45:00
158,141,1623722400,39912.13,40232.62,39943.75,40209.58,130.80639603,2021-06-15 02:00:00
159,140,1623723300,40165.0,40417.48,40213.69,40388.39,190.37160924,2021-06-15 02:15:00
160,139,1623724200,40088.07,40392.42,40389.04,40155.7,86.53493221,2021-06-15 02:30:00
161,138,1623725100,40078.57,40300.0,40157.52,40287.79,127.06356961,2021-06-15 02:45:00
162,137,1623726000,40282.48,40581.0,40282.48,40350.01,110.15265944,2021-06-15 03:00:00
163,136,1623726900,40350.0,40537.58,40350.0,40433.27,106.5333981,2021-06-15 03:15:00
164,135,1623727800,40419.69,40580.89,40433.26,40445.0,117.64212367,2021-06-15 03:30:00
165,134,1623728700,40342.95,40604.99,40445.0,40430.01,188.75595216,2021-06-15 03:45:00
166,133,1623729600,40316.15,40520.87,40430.01,40405.07,73.01936299,2021-06-15 04:00:00
167,132,1623730500,40315.85,40472.76,40405.07,40410.28,68.23152275,2021-06-15 04:15:00
168,131,1623731400,40393.46,40579.0,40410.29,40552.69,94.86025134,2021-06-15 04:30:00
169,130,1623732300,40441.51,40602.72,40552.68,40530.39,109.53839329,2021-06-15 04:45:00
170,129,1623733200,40391.7,40555.92,40530.38,40414.37,75.6377622,2021-06-15 05:00:00
171,128,1623734100,40254.32,40437.32,40414.37,40357.94,70.36499362,2021-06-15 05:15:00
172,127,1623735000,40251.57,40456.63,40361.0,40315.8,119.09740335,2021-06-15 05:30:00
173,126,1623735900,40217.82,40408.64,40315.8,40351.7,67.45413912,2021-06-15 05:45:00
174,125,1623736800,40277.85,40471.87,40351.7,40450.39,73.1565987,2021-06-15 06:00:00
175,124,1623737700,40444.95,40525.07,40453.5,40471.64,66.01985832,2021-06-15 06:15:00
176,123,1623738600,40305.01,40472.14,40468.2,40364.65,79.4492115,2021-06-15 06:30:00
177,122,1623739500,40237.55,40364.65,40364.64,40295.58,40.38738407,2021-06-15 06:45:00
178,121,1623740400,40112.78,40343.74,40295.57,40219.62,83.6549892,2021-06-15 07:00:00
179,120,1623741300,40116.63,40308.86,40224.97,40273.15,88.595325,2021-06-15 07:15:00
180,119,1623742200,40180.6,40383.15,40279.56,40219.84,78.64479538,2021-06-15 07:30:00
181,118,1623743100,40219.84,40389.89,40219.84,40389.89,69.96402187,2021-06-15 07:45:00
182,117,1623744000,40250.0,40420.17,40389.89,40288.6,51.97652073,2021-06-15 08:00:00
183,116,1623744900,40283.4,40411.25,40288.6,40313.96,67.27638217,2021-06-15 08:15:00
184,115,1623745800,39930.0,40313.95,40313.95,39984.18,137.45919322,2021-06-15 08:30:00
185,114,1623746700,39679.79,40054.55,39984.18,39810.42,268.31865216,2021-06-15 08:45:00
186,113,1623747600,39563.04,39840.93,39814.88,39689.43,243.27602289,2021-06-15 09:00:00
187,112,1623748500,39704.58,40244.89,39704.58,40129.86,183.29782859,2021-06-15 09:15:00
188,111,1623749400,39960.71,40178.33,40129.86,40051.95,128.38593088,2021-06-15 09:30:00
189,110,1623750300,39907.44,40141.28,40053.33,40111.01,89.65069126,2021-06-15 09:45:00
190,109,1623751200,39967.37,40212.49,40111.01,40012.77,101.12422504,2021-06-15 10:00:00
191,108,1623752100,39916.21,40082.98,40012.77,40034.99,86.0808462,2021-06-15 10:15:00
192,107,1623753000,39930.48,40081.01,40034.97,40019.16,149.7810364,2021-06-15 10:30:00
193,106,1623753900,39906.5,40060.26,40019.16,39927.26,39.43186522,2021-06-15 10:45:00
194,105,1623754800,39925.3,40073.93,39925.3,40017.39,52.45807489,2021-06-15 11:00:00
195,104,1623755700,39954.76,40075.4,40023.19,39975.33,96.41044389,2021-06-15 11:15:00
196,103,1623756600,39687.17,40000.01,39975.33,39790.02,131.85753283,2021-06-15 11:30:00
197,102,1623757500,39681.48,39869.95,39793.28,39838.73,85.56439526,2021-06-15 11:45:00
198,101,1623758400,39776.79,40171.42,39838.74,40171.42,209.44954639,2021-06-15 12:00:00
199,100,1623759300,40031.96,40171.73,40171.41,40079.76,112.02822376,2021-06-15 12:15:00
200,99,1623760200,39882.97,40080.84,40079.76,39914.02,124.6251821,2021-06-15 12:30:00
201,98,1623761100,39880.84,40448.64,39912.62,40430.62,270.79414023,2021-06-15 12:45:00
202,97,1623762000,40216.79,40435.51,40435.51,40232.49,184.92029915,2021-06-15 13:00:00
203,96,1623762900,40160.06,40323.66,40232.49,40266.4,147.68077346,2021-06-15 13:15:00
204,95,1623763800,40168.95,40337.36,40261.8,40290.02,270.60273246,2021-06-15 13:30:00
205,94,1623764700,40177.76,40389.4,40290.03,40296.96,264.57908804,2021-06-15 13:45:00
206,93,1623765600,40019.33,40340.01,40296.97,40216.24,299.3727727,2021-06-15 14:00:00
207,92,1623766500,39930.19,40250.84,40211.56,40029.2,287.37415563,2021-06-15 14:15:00
208,91,1623767400,39868.63,40087.0,40029.2,40000.01,352.1281457,2021-06-15 14:30:00
209,90,1623768300,39932.12,40099.15,40000.0,40010.06,245.30673854,2021-06-15 14:45:00
210,89,1623769200,39728.08,40047.62,40004.37,39943.27,254.46961496,2021-06-15 15:00:00
211,88,1623770100,39818.04,40018.57,39943.26,40003.8,233.76458949,2021-06-15 15:15:00
212,87,1623771000,39900.0,40047.62,40003.8,39928.32,138.39938954,2021-06-15 15:30:00
213,86,1623771900,39917.69,40073.69,39928.31,40053.61,149.03824081,2021-06-15 15:45:00
214,85,1623772800,39986.1,40194.0,40054.95,40129.48,224.14940413,2021-06-15 16:00:00
215,84,1623773700,40055.76,40169.42,40131.92,40074.89,84.62476944,2021-06-15 16:15:00
216,83,1623774600,40003.73,40227.09,40076.74,40129.33,143.87342409,2021-06-15 16:30:00
217,82,1623775500,40091.41,40288.56,40129.33,40193.98,374.37487627,2021-06-15 16:45:00
218,81,1623776400,40126.37,40365.51,40193.98,40341.72,357.10782807,2021-06-15 17:00:00
219,80,1623777300,40215.89,40393.28,40344.37,40250.75,204.34921937,2021-06-15 17:15:00
220,79,1623778200,40237.97,40347.28,40252.67,40307.31,152.20350553,2021-06-15 17:30:00
221,78,1623779100,40295.67,40790.0,40303.8,40703.72,395.7903005,2021-06-15 17:45:00
222,77,1623780000,40701.2,41322.55,40703.71,41299.09,910.52238425,2021-06-15 18:00:00
223,76,1623780900,41130.6,41313.0,41299.09,41165.32,443.5940769,2021-06-15 18:15:00
224,75,1623781800,40907.19,41200.0,41169.03,40917.79,372.24774686,2021-06-15 18:30:00
225,74,1623782700,40516.36,40971.0,40911.51,40583.96,545.78661313,2021-06-15 18:45:00
226,73,1623783600,40394.77,40690.02,40583.95,40480.92,301.90022945,2021-06-15 19:00:00
227,72,1623784500,39900.0,40554.42,40478.51,40128.97,515.67745,2021-06-15 19:15:00
228,71,1623785400,40021.65,40220.59,40133.35,40117.77,193.11078768,2021-06-15 19:30:00
229,70,1623786300,39771.01,40135.12,40117.78,39962.73,368.30523727,2021-06-15 19:45:00
230,69,1623787200,39510.98,39967.5,39962.83,39790.57,436.34990108,2021-06-15 20:00:00
231,68,1623788100,39735.9,40119.58,39790.57,40017.69,208.2501584,2021-06-15 20:15:00
232,67,1623789000,39963.58,40214.69,40017.68,40029.83,249.95332085,2021-06-15 20:30:00
233,66,1623789900,39749.55,40050.77,40029.83,39955.8,185.34250597,2021-06-15 20:45:00
234,65,1623790800,39854.7,40038.33,39960.93,40014.81,125.80732879,2021-06-15 21:00:00
235,64,1623791700,39976.1,40098.79,40014.81,40022.0,93.90452593,2021-06-15 21:15:00
236,63,1623792600,39976.42,40110.36,40022.0,40054.03,137.17952681,2021-06-15 21:30:00
237,62,1623793500,39926.59,40077.67,40054.02,39985.24,96.10945367,2021-06-15 21:45:00
238,61,1623794400,39972.22,40152.83,39985.23,40128.94,99.92568727,2021-06-15 22:00:00
239,60,1623795300,40095.0,40221.07,40128.93,40170.0,139.03810723,2021-06-15 22:15:00
240,59,1623796200,40082.35,40207.6,40170.0,40152.01,59.81732403,2021-06-15 22:30:00
241,58,1623797100,40074.47,40202.66,40152.02,40137.41,71.62104294,2021-06-15 22:45:00
242,57,1623798000,40104.22,40202.29,40137.41,40145.42,89.97503312,2021-06-15 23:00:00
243,56,1623798900,40107.51,40382.25,40145.43,40290.29,109.25331034,2021-06-15 23:15:00
244,55,1623799800,40203.44,40374.47,40287.62,40345.79,63.85663847,2021-06-15 23:30:00
245,54,1623800700,40149.45,40377.67,40345.79,40162.37,79.08708439,2021-06-15 23:45:00
246,53,1623801600,39978.04,40160.0,40158.06,40116.87,131.63596411,2021-06-16 00:00:00
247,52,1623802500,39930.12,40149.98,40117.89,39984.67,104.7683349,2021-06-16 00:15:00
248,51,1623803400,39928.04,40070.42,39984.67,40000.8,78.68891593,2021-06-16 00:30:00
249,50,1623804300,39829.4,40058.99,40000.8,39886.89,131.13249906,2021-06-16 00:45:00
250,49,1623805200,39612.0,39918.08,39886.9,39826.34,184.30556719,2021-06-16 01:00:00
251,48,1623806100,39713.53,39882.97,39824.16,39865.95,103.644666,2021-06-16 01:15:00
252,47,1623807000,39863.94,40064.57,39863.94,40020.0,100.47079792,2021-06-16 01:30:00
253,46,1623807900,39956.82,40109.4,40020.01,40109.39,73.04533896,2021-06-16 01:45:00
254,45,1623808800,40045.59,40161.66,40098.9,40113.6,88.80481753,2021-06-16 02:00:00
255,44,1623809700,40044.51,40180.08,40111.28,40130.14,47.80069675,2021-06-16 02:15:00
256,43,1623810600,39970.9,40172.65,40130.16,39999.77,43.50232089,2021-06-16 02:30:00
257,42,1623811500,39910.0,40100.0,39991.2,40049.17,87.31279257,2021-06-16 02:45:00
258,41,1623812400,39832.96,40059.27,40046.69,39871.54,122.96554424,2021-06-16 03:00:00
259,40,1623813300,39837.24,39999.74,39871.54,39891.23,142.28985886,2021-06-16 03:15:00
260,39,1623814200,39836.33,40046.44,39891.23,40021.5,49.81636953,2021-06-16 03:30:00
261,38,1623815100,39980.68,40108.4,40021.49,40026.04,38.37968374,2021-06-16 03:45:00
262,37,1623816000,39928.72,40055.67,40024.77,39982.77,35.2689569,2021-06-16 04:00:00
263,36,1623816900,39861.33,40011.86,39982.77,39908.06,58.94577154,2021-06-16 04:15:00
264,35,1623817800,39892.06,40425.0,39908.05,40233.66,273.26670477,2021-06-16 04:30:00
265,34,1623818700,40212.1,40337.93,40233.66,40271.81,95.92864911,2021-06-16 04:45:00
266,33,1623819600,40173.95,40355.0,40275.44,40205.22,151.27475382,2021-06-16 05:00:00
267,32,1623820500,40166.06,40245.99,40207.79,40192.32,64.13495673,2021-06-16 05:15:00
268,31,1623821400,40157.75,40359.6,40192.31,40290.25,186.23231823,2021-06-16 05:30:00
269,30,1623822300,40232.75,40323.99,40287.54,40257.54,111.26798568,2021-06-16 05:45:00
270,29,1623823200,40180.15,40300.0,40261.82,40216.13,93.11002855,2021-06-16 06:00:00
271,28,1623824100,40205.96,40475.99,40220.24,40446.31,147.47487951,2021-06-16 06:15:00
272,27,1623825000,40354.32,40464.15,40446.3,40395.45,102.29832262,2021-06-16 06:30:00
273,26,1623825900,40352.0,40499.0,40395.48,40390.26,77.21884125,2021-06-16 06:45:00
274,25,1623826800,40313.42,40448.2,40389.47,40313.47,46.62457958,2021-06-16 07:00:00
275,24,1623827700,40227.62,40335.51,40313.48,40250.01,83.45614965,2021-06-16 07:15:00
276,23,1623828600,40162.43,40264.74,40250.06,40227.28,88.88899327,2021-06-16 07:30:00
277,22,1623829500,40056.85,40270.55,40228.0,40133.14,48.81381277,2021-06-16 07:45:00
278,21,1623830400,40112.9,40257.45,40133.14,40236.68,63.97478966,2021-06-16 08:00:00
279,20,1623831300,39930.04,40236.52,40221.99,40028.03,113.20895873,2021-06-16 08:15:00
280,19,1623832200,39985.0,40082.69,40028.02,40064.19,44.92200481,2021-06-16 08:30:00
281,18,1623833100,40028.08,40129.85,40065.57,40048.24,35.78640425,2021-06-16 08:45:00
282,17,1623834000,40001.09,40092.61,40048.23,40007.32,23.01897731,2021-06-16 09:00:00
283,16,1623834900,39900.0,40051.34,40007.32,40039.97,63.11713804,2021-06-16 09:15:00
284,15,1623835800,40028.78,40187.06,40039.96,40145.42,15.91213914,2021-06-16 09:30:00
285,14,1623836700,39929.56,40150.91,40145.42,39966.61,53.75477889,2021-06-16 09:45:00
286,13,1623837600,39828.24,40054.02,39966.61,40003.6,69.95433765,2021-06-16 10:00:00
287,12,1623838500,39939.57,40069.7,40004.3,39954.85,32.81678749,2021-06-16 10:15:00
288,11,1623839400,39702.57,39964.59,39964.59,39740.21,126.27923698,2021-06-16 10:30:00
289,10,1623840300,39681.84,39823.43,39739.12,39770.39,94.47644682,2021-06-16 10:45:00
290,9,1623841200,39172.86,39787.11,39770.39,39280.01,429.7628657,2021-06-16 11:00:00
291,8,1623842100,39100.0,39294.63,39274.65,39247.74,259.09669308,2021-06-16 11:15:00
292,7,1623843000,38945.0,39258.33,39255.43,39060.76,370.96652534,2021-06-16 11:30:00
293,6,1623843900,38929.22,39214.98,39060.76,39098.92,158.57124844,2021-06-16 11:45:00
294,5,1623844800,38922.0,39201.29,39092.65,39133.4,281.71268512,2021-06-16 12:00:00
295,4,1623845700,38900.0,39141.45,39133.4,38932.87,375.53922093,2021-06-16 12:15:00
296,3,1623846600,38900.0,39077.39,38932.86,39057.03,166.16220228,2021-06-16 12:30:00
297,2,1623847500,39050.29,39189.04,39057.04,39073.07,146.55205606,2021-06-16 12:45:00
298,1,1623848400,38991.63,39174.54,39074.37,38991.64,176.92891617,2021-06-16 13:00:00
299,0,1623849300,38985.18,39049.03,38990.0,39039.4,5.50443223,2021-06-16 13:15:00
